day,p2.5,p5,p25,p50,p75,p95,p97.5
1,0.417082,0.419231,0.423052,0.424853,0.426798,0.429902,0.431051
2,0.414280,0.415828,0.421859,0.424853,0.427721,0.432100,0.433564
3,0.411576,0.413688,0.420961,0.424949,0.428666,0.433900,0.435020
4,0.409905,0.411980,0.420006,0.424853,0.429358,0.435450,0.437098
5,0.408537,0.411249,0.419250,0.424853,0.429966,0.436527,0.439056
6,0.406959,0.410229,0.418473,0.424815,0.430275,0.437943,0.440021
7,0.405809,0.408375,0.417924,0.424747,0.430849,0.438968,0.441255
8,0.404322,0.407419,0.417724,0.424853,0.431435,0.439749,0.441977
9,0.403682,0.406942,0.417342,0.424805,0.431741,0.441126,0.443200
10,0.401362,0.405524,0.416777,0.424355,0.431741,0.441697,0.443967
11,0.399471,0.404050,0.416272,0.424098,0.431880,0.443048,0.445531
12,0.397358,0.403038,0.416106,0.424604,0.432572,0.443841,0.446776
13,0.396759,0.401236,0.415654,0.424785,0.432696,0.444493,0.447830
14,0.394584,0.400195,0.415172,0.424700,0.433012,0.444860,0.449429
15,0.393161,0.398024,0.414863,0.424789,0.433784,0.445346,0.449402
16,0.392991,0.397889,0.414668,0.424884,0.434106,0.446172,0.451059
17,0.390923,0.396377,0.414033,0.425012,0.434570,0.448021,0.451939
18,0.390066,0.395685,0.413203,0.425269,0.434833,0.448569,0.452890
19,0.388247,0.393961,0.412509,0.424949,0.435177,0.449786,0.454054
20,0.386447,0.392006,0.412321,0.424853,0.435366,0.450256,0.454175
21,0.385980,0.391064,0.412038,0.425000,0.436299,0.451828,0.455390
22,0.384770,0.390908,0.411570,0.424440,0.435983,0.452117,0.456301
23,0.384808,0.390667,0.411209,0.424478,0.436299,0.452707,0.457537
24,0.384218,0.389657,0.410579,0.424210,0.436581,0.453427,0.458506
25,0.382539,0.389315,0.410065,0.424103,0.436359,0.453439,0.460033
26,0.380595,0.389169,0.410027,0.424153,0.436046,0.453345,0.460483
27,0.380058,0.388328,0.409762,0.423539,0.436185,0.454249,0.460005
28,0.379344,0.387116,0.409531,0.423330,0.435973,0.455010,0.461455
29,0.378735,0.387217,0.409110,0.423182,0.436143,0.455707,0.462053
30,0.378635,0.386123,0.409036,0.422855,0.436686,0.456247,0.462041
31,0.378625,0.385572,0.408397,0.422670,0.436477,0.456959,0.463187
32,0.377394,0.385159,0.408476,0.423055,0.436683,0.457101,0.464170
33,0.376734,0.384482,0.408085,0.423067,0.436752,0.457819,0.465495
34,0.376681,0.384552,0.407665,0.422853,0.437239,0.458359,0.465994
35,0.374798,0.384463,0.407655,0.422800,0.438058,0.459583,0.466450
36,0.374112,0.383589,0.407465,0.422763,0.438336,0.460464,0.467124
37,0.374006,0.382283,0.407171,0.423286,0.438868,0.460403,0.467861
38,0.372495,0.381822,0.406469,0.422987,0.438575,0.461177,0.468511
39,0.372411,0.380956,0.405949,0.423113,0.438632,0.461530,0.468018
40,0.369980,0.379869,0.405068,0.423022,0.438778,0.462347,0.468391
41,0.369525,0.378569,0.405099,0.423371,0.438699,0.462421,0.470403
42,0.368672,0.378091,0.404777,0.422889,0.439256,0.463273,0.470149
43,0.367960,0.377304,0.404523,0.422602,0.439702,0.462532,0.470752
44,0.367592,0.377132,0.404260,0.422478,0.439806,0.463145,0.471510
45,0.367186,0.376551,0.404209,0.422405,0.439562,0.463838,0.471366
46,0.365303,0.376705,0.404487,0.422373,0.439612,0.464560,0.471123
47,0.364811,0.376680,0.404036,0.422295,0.439611,0.465213,0.471583
48,0.363557,0.375799,0.403375,0.422386,0.440161,0.465131,0.472514
49,0.363557,0.375239,0.402855,0.422589,0.439569,0.465899,0.473092
50,0.362361,0.374273,0.401854,0.422830,0.439890,0.466924,0.473251
51,0.363084,0.374130,0.402175,0.422470,0.440252,0.466778,0.473638
52,0.361773,0.373740,0.401779,0.422395,0.440037,0.466718,0.475559
53,0.361060,0.373618,0.402177,0.421872,0.440500,0.466244,0.475338
54,0.360454,0.371925,0.401498,0.421796,0.441060,0.465872,0.474981
55,0.361164,0.371546,0.400910,0.421625,0.440653,0.467512,0.475307
56,0.360620,0.370282,0.400458,0.421671,0.441027,0.467611,0.474922
57,0.359417,0.370016,0.400400,0.421639,0.441093,0.467715,0.475954
58,0.358074,0.368170,0.400434,0.421703,0.441662,0.468452,0.476249
59,0.357934,0.368009,0.400148,0.421647,0.442103,0.468165,0.477199
60,0.357408,0.366951,0.399995,0.421586,0.442223,0.469489,0.478355
61,0.356993,0.365766,0.400153,0.421223,0.442379,0.469822,0.479219
62,0.354996,0.365183,0.399329,0.421800,0.442425,0.469768,0.480615
63,0.354510,0.364383,0.398913,0.421334,0.442266,0.470515,0.480424
64,0.354246,0.363641,0.398274,0.420968,0.442704,0.471298,0.480091
65,0.353874,0.363788,0.397936,0.420668,0.442833,0.470584,0.479716
66,0.354007,0.363692,0.397528,0.420962,0.442801,0.472239,0.479682
67,0.354297,0.363123,0.397629,0.421364,0.442854,0.472170,0.479872
68,0.350857,0.362494,0.397754,0.421031,0.443341,0.473105,0.480279
69,0.351047,0.362447,0.397102,0.421494,0.443644,0.472922,0.482494
70,0.350924,0.363336,0.397127,0.420695,0.443179,0.473852,0.484572
71,0.351967,0.362870,0.396584,0.420625,0.443417,0.473064,0.485692
72,0.351279,0.362986,0.396907,0.420296,0.443810,0.472743,0.484330
73,0.351509,0.362314,0.395865,0.419697,0.443212,0.473727,0.484756
74,0.350748,0.361257,0.395404,0.419350,0.443533,0.472967,0.485016
75,0.351166,0.361200,0.395255,0.419810,0.443768,0.472310,0.486022
76,0.350596,0.359707,0.394299,0.419944,0.443396,0.473636,0.485625
77,0.350650,0.359220,0.394270,0.419409,0.443699,0.474880,0.486122
78,0.348789,0.359035,0.393662,0.419616,0.443614,0.475830,0.486882
79,0.348550,0.357986,0.393343,0.419282,0.443473,0.477217,0.487743
80,0.347767,0.357203,0.392938,0.419582,0.444149,0.477325,0.487936
81,0.347714,0.357628,0.392755,0.419045,0.444289,0.477741,0.487401
82,0.346433,0.357197,0.392495,0.418621,0.444246,0.478559,0.489064
83,0.346223,0.357011,0.392790,0.418433,0.444648,0.477855,0.490104
84,0.344833,0.357326,0.391988,0.418503,0.444703,0.478105,0.490632
85,0.343740,0.356672,0.392105,0.417690,0.444878,0.477822,0.490455
86,0.343432,0.356035,0.391732,0.417320,0.445273,0.478667,0.491052
87,0.343284,0.355270,0.391172,0.417449,0.445567,0.478951,0.489514
88,0.342544,0.355982,0.391800,0.416797,0.445134,0.479505,0.490524
89,0.341892,0.355538,0.391062,0.417578,0.444966,0.480082,0.491447
90,0.341837,0.354880,0.390837,0.416435,0.444373,0.479801,0.490842
91,0.342066,0.354576,0.391237,0.416711,0.444380,0.481081,0.490114
92,0.342088,0.354347,0.391196,0.416978,0.444543,0.481282,0.490216
93,0.341638,0.353546,0.390785,0.416335,0.443629,0.481591,0.490975
94,0.337684,0.353422,0.390149,0.416289,0.444030,0.481055,0.491732
95,0.338666,0.352883,0.390255,0.416073,0.444456,0.481033,0.492293
96,0.337914,0.352796,0.389653,0.416801,0.444603,0.480904,0.491263
97,0.338874,0.351579,0.389835,0.416420,0.444476,0.482300,0.492534
98,0.338516,0.351413,0.389253,0.416323,0.444871,0.482227,0.492250
99,0.338156,0.350809,0.389587,0.416663,0.443978,0.482993,0.493744
100,0.337941,0.350599,0.389712,0.416619,0.444251,0.483268,0.495974
101,0.337342,0.349957,0.389374,0.416690,0.444345,0.483663,0.494392
102,0.336774,0.348743,0.388922,0.416466,0.443760,0.483741,0.494847
103,0.334588,0.347910,0.388268,0.415842,0.443783,0.484238,0.496296
104,0.334844,0.347876,0.388404,0.415423,0.444668,0.483988,0.497721
105,0.335747,0.348503,0.387670,0.415251,0.444517,0.485324,0.496752
106,0.334949,0.348232,0.387798,0.415133,0.445173,0.485527,0.496940
107,0.334197,0.348692,0.387691,0.415503,0.445423,0.485057,0.497477
108,0.334473,0.348853,0.386637,0.415409,0.445226,0.486570,0.497829
109,0.334425,0.347837,0.386392,0.415266,0.444402,0.485500,0.497378
110,0.333899,0.347762,0.385349,0.414469,0.445204,0.485776,0.496246
111,0.333325,0.347440,0.385357,0.414035,0.445122,0.485193,0.497811
112,0.333493,0.346274,0.385483,0.414374,0.445745,0.485775,0.497918
113,0.331755,0.344473,0.385669,0.414321,0.446056,0.486605,0.498487
114,0.332134,0.344809,0.384990,0.414514,0.445878,0.486228,0.497978
115,0.332159,0.343867,0.385547,0.414996,0.445998,0.486571,0.498598
116,0.330764,0.343803,0.384774,0.414657,0.446154,0.486388,0.499844
117,0.331102,0.343358,0.385170,0.414293,0.446039,0.487008,0.498239
118,0.332361,0.343127,0.384971,0.414243,0.446387,0.487665,0.498633
119,0.332375,0.343247,0.384489,0.413760,0.446699,0.487555,0.499508
120,0.331824,0.343362,0.385166,0.413569,0.446686,0.488834,0.500135
121,0.332153,0.343367,0.384722,0.413568,0.446567,0.489855,0.503236
122,0.330618,0.342500,0.384637,0.413909,0.446720,0.489243,0.501969
123,0.331610,0.342424,0.384251,0.414680,0.446644,0.488583,0.503480
124,0.330762,0.342148,0.383864,0.414659,0.447039,0.489497,0.503684
125,0.329488,0.341361,0.383312,0.413867,0.447268,0.488888,0.503419
126,0.328447,0.340765,0.382718,0.414077,0.447982,0.489758,0.504317
127,0.328527,0.341176,0.382737,0.414395,0.447720,0.490870,0.504282
128,0.328223,0.340660,0.382493,0.414456,0.447867,0.491134,0.503937
129,0.328206,0.340488,0.382460,0.413810,0.447751,0.492409,0.504112
130,0.328231,0.340595,0.381972,0.413603,0.448486,0.491009,0.503783
131,0.328870,0.340561,0.381701,0.413404,0.448357,0.491411,0.506109
132,0.328170,0.339986,0.381429,0.413240,0.448254,0.491371,0.505944
133,0.326912,0.340332,0.381128,0.413301,0.447593,0.491624,0.506254
134,0.327133,0.340042,0.381101,0.413461,0.447796,0.491277,0.505991
135,0.327365,0.339396,0.380591,0.412782,0.447490,0.492843,0.507118
136,0.326903,0.338568,0.381152,0.412811,0.447451,0.493814,0.505906
137,0.327970,0.338125,0.380645,0.412704,0.446699,0.494517,0.507418
138,0.327872,0.338354,0.380895,0.413213,0.447405,0.495276,0.506473
139,0.327244,0.338213,0.380447,0.412988,0.447412,0.494912,0.508824
140,0.326466,0.338220,0.380199,0.412819,0.447424,0.493831,0.509107
141,0.324793,0.337835,0.379553,0.413412,0.447610,0.493160,0.507908
142,0.324764,0.337416,0.379934,0.413108,0.447659,0.493899,0.509844
143,0.324457,0.336776,0.380303,0.412537,0.447317,0.494867,0.509039
144,0.323271,0.335128,0.379528,0.412304,0.447278,0.496473,0.508963
145,0.322647,0.334783,0.379012,0.412879,0.447613,0.496135,0.508849
146,0.321985,0.334415,0.378567,0.412373,0.447552,0.496946,0.509495
147,0.322340,0.332695,0.378420,0.411808,0.447954,0.497651,0.509339
148,0.320982,0.334915,0.378342,0.411971,0.447003,0.497003,0.510525
149,0.320264,0.333620,0.378985,0.412027,0.447203,0.497021,0.509934
150,0.320745,0.333802,0.378365,0.412249,0.447449,0.497068,0.510574
151,0.319582,0.333702,0.378200,0.411838,0.446726,0.497438,0.510767
152,0.319067,0.333097,0.377505,0.411992,0.446281,0.499165,0.510479
153,0.319256,0.334296,0.376779,0.411910,0.446613,0.499119,0.510535
154,0.318821,0.333572,0.377324,0.411624,0.446175,0.498061,0.510156
155,0.318661,0.332519,0.376745,0.411784,0.446833,0.498186,0.511103
156,0.318630,0.332206,0.377423,0.411559,0.446271,0.496800,0.510792
157,0.317761,0.331907,0.377283,0.411647,0.446663,0.496863,0.513137
158,0.317930,0.331882,0.376862,0.411589,0.446951,0.496652,0.513839
159,0.317155,0.331536,0.376823,0.410938,0.447511,0.496654,0.512661
160,0.316852,0.331323,0.376626,0.411261,0.447967,0.497132,0.514496
161,0.316216,0.330722,0.376603,0.411301,0.447781,0.497220,0.514267
162,0.316116,0.329812,0.376920,0.411172,0.447078,0.497097,0.513377
163,0.315709,0.329070,0.376437,0.411504,0.446424,0.498291,0.513824
164,0.314936,0.328442,0.376164,0.411764,0.447022,0.498169,0.514688
165,0.314499,0.327127,0.376720,0.411512,0.447185,0.498833,0.515044
166,0.315223,0.326454,0.376836,0.411132,0.446566,0.498572,0.515911
167,0.313945,0.325923,0.376548,0.411271,0.448110,0.498648,0.515878
168,0.312899,0.326511,0.376364,0.411081,0.447958,0.499310,0.517474
169,0.312929,0.325826,0.375530,0.411256,0.447938,0.499699,0.516827
170,0.312531,0.325787,0.375618,0.411248,0.446858,0.499723,0.516434
171,0.313443,0.325928,0.375585,0.410830,0.447327,0.499223,0.518035
172,0.313693,0.325072,0.374787,0.411173,0.446364,0.500333,0.516640
173,0.313212,0.325039,0.374492,0.410826,0.446821,0.499230,0.519065
174,0.311306,0.324911,0.374265,0.411010,0.446885,0.499866,0.516659
175,0.311511,0.326904,0.374161,0.410370,0.447021,0.499105,0.517014
176,0.310771,0.325642,0.373582,0.410401,0.446711,0.497787,0.516891
177,0.310918,0.325571,0.373401,0.410947,0.447270,0.498455,0.517289
178,0.311498,0.325191,0.372823,0.411158,0.446506,0.500008,0.514516
179,0.311564,0.325146,0.372778,0.410898,0.445935,0.500288,0.515186
180,0.310521,0.324789,0.372845,0.410468,0.446273,0.499160,0.515188
181,0.310505,0.324130,0.373276,0.410863,0.446021,0.499518,0.515091
182,0.310101,0.322658,0.373326,0.410171,0.445971,0.500528,0.516566
183,0.308988,0.323206,0.372789,0.409402,0.446220,0.499287,0.518966
184,0.308430,0.322593,0.371995,0.409086,0.446598,0.499589,0.519155
185,0.307774,0.322826,0.371946,0.408540,0.446872,0.501293,0.520863
186,0.308321,0.322705,0.371981,0.408998,0.446539,0.501970,0.518826
187,0.308841,0.323453,0.371226,0.409048,0.446518,0.501416,0.519883
188,0.308338,0.321524,0.371827,0.409526,0.446121,0.503130,0.519873
189,0.307443,0.321795,0.371495,0.409741,0.445831,0.502474,0.521854
190,0.307609,0.321573,0.372086,0.409028,0.446258,0.502229,0.520955
191,0.307960,0.321897,0.371678,0.409376,0.446490,0.501586,0.519701
192,0.307001,0.321484,0.371529,0.408966,0.446124,0.503162,0.519870
193,0.306465,0.321907,0.371875,0.409351,0.446327,0.504435,0.519303
194,0.307681,0.321649,0.372072,0.408894,0.446042,0.504614,0.518546
195,0.306686,0.320889,0.371594,0.409107,0.445662,0.504484,0.519613
196,0.305684,0.320622,0.372275,0.408871,0.445786,0.505266,0.520958
197,0.306344,0.319523,0.372173,0.408510,0.446998,0.504803,0.521197
198,0.305792,0.319571,0.372086,0.409416,0.446462,0.504750,0.520359
199,0.305808,0.320251,0.371622,0.409141,0.446234,0.504926,0.520992
200,0.306164,0.320049,0.370877,0.408947,0.446174,0.504399,0.522036
201,0.306562,0.320270,0.371499,0.408892,0.446510,0.504610,0.521720
202,0.305191,0.319499,0.371138,0.408293,0.446079,0.503510,0.523144
203,0.303621,0.319822,0.370938,0.408811,0.446166,0.505107,0.521402
204,0.304242,0.320004,0.370940,0.408439,0.446033,0.506129,0.521398
205,0.303325,0.319236,0.370431,0.408299,0.445536,0.506191,0.522385
206,0.302133,0.318697,0.370836,0.408514,0.445886,0.506302,0.523087
207,0.300938,0.318064,0.370064,0.408505,0.445849,0.506885,0.523763
208,0.300681,0.318226,0.369998,0.408248,0.445786,0.507052,0.525783
209,0.300326,0.318071,0.369520,0.408124,0.446393,0.507617,0.524348
210,0.300218,0.318289,0.369201,0.407907,0.446844,0.508420,0.525429
211,0.300500,0.317940,0.368604,0.407429,0.446872,0.508944,0.525959
212,0.300978,0.317238,0.368122,0.406953,0.447020,0.508607,0.525400
213,0.300648,0.318163,0.368251,0.407393,0.446243,0.507956,0.525755
214,0.301100,0.317351,0.368387,0.407415,0.445817,0.508441,0.525200
215,0.301716,0.317154,0.368634,0.407188,0.446286,0.507590,0.525207
216,0.301360,0.316156,0.368521,0.407494,0.446329,0.508675,0.526101
217,0.300677,0.316545,0.368434,0.408552,0.446271,0.508287,0.526830
218,0.300954,0.317672,0.368509,0.408255,0.446271,0.508315,0.525966
219,0.298844,0.316114,0.367304,0.407800,0.446114,0.508072,0.525258
220,0.298426,0.316187,0.367428,0.407735,0.445944,0.508020,0.525492
221,0.298789,0.315893,0.367088,0.407681,0.446293,0.507096,0.525341
222,0.299476,0.314656,0.366946,0.407739,0.446391,0.506802,0.525368
223,0.299174,0.314477,0.366772,0.407378,0.446813,0.508060,0.522749
224,0.299998,0.313703,0.367013,0.407436,0.446723,0.508021,0.525431
225,0.298253,0.314589,0.366724,0.407280,0.446530,0.508765,0.525620
226,0.297050,0.314710,0.366648,0.406829,0.446366,0.509488,0.526763
227,0.297084,0.313972,0.366076,0.406248,0.446928,0.508666,0.525773
228,0.297808,0.313162,0.365796,0.406198,0.446716,0.510969,0.525808
229,0.297441,0.312583,0.366037,0.405723,0.446566,0.511450,0.525920
230,0.297547,0.311992,0.365382,0.405643,0.446970,0.510296,0.525563
231,0.296152,0.312435,0.364781,0.405497,0.447285,0.509269,0.527512
232,0.296868,0.312788,0.364200,0.405765,0.446475,0.511725,0.525444
233,0.296036,0.311831,0.364155,0.405556,0.446866,0.511763,0.527011
234,0.295209,0.310349,0.364001,0.405324,0.446176,0.512187,0.525864
235,0.295015,0.310188,0.364232,0.404210,0.445737,0.510974,0.528334
236,0.294974,0.310201,0.364567,0.404063,0.445522,0.512262,0.528783
237,0.295325,0.310212,0.364665,0.403922,0.445915,0.513014,0.525702
238,0.295749,0.310226,0.365004,0.403636,0.447022,0.511534,0.528812
239,0.294778,0.309732,0.364460,0.404360,0.447420,0.510926,0.527845
240,0.294731,0.309444,0.364134,0.404808,0.446989,0.510962,0.527066
241,0.295200,0.309725,0.364351,0.405142,0.446594,0.510665,0.527334
242,0.294680,0.309219,0.364279,0.404178,0.446718,0.510156,0.529312
243,0.294318,0.309554,0.363935,0.404085,0.446461,0.510552,0.527369
244,0.295085,0.309580,0.364151,0.404044,0.446814,0.510657,0.527342
245,0.295144,0.308655,0.363723,0.403898,0.447270,0.510971,0.527880
246,0.294170,0.307529,0.363851,0.404045,0.446935,0.510982,0.527268
247,0.293029,0.307640,0.363115,0.403106,0.446146,0.511474,0.527993
248,0.291726,0.306786,0.363016,0.402793,0.446109,0.511935,0.529059
249,0.291183,0.306486,0.363058,0.402672,0.446134,0.510977,0.529706
250,0.289762,0.307076,0.363596,0.403375,0.446273,0.511532,0.530738
251,0.288143,0.307124,0.363395,0.403463,0.446892,0.511341,0.530975
252,0.286435,0.307416,0.363502,0.403126,0.446682,0.512272,0.531468
253,0.286538,0.305005,0.362825,0.403203,0.447118,0.511735,0.532266
254,0.287487,0.304846,0.362787,0.403073,0.447551,0.513634,0.532789
255,0.287430,0.306049,0.363094,0.402969,0.447342,0.514228,0.531239
256,0.286724,0.305203,0.362716,0.402381,0.446592,0.514148,0.531681
257,0.287129,0.304814,0.362109,0.402230,0.445567,0.514914,0.531738
258,0.286680,0.304303,0.361715,0.402285,0.446197,0.514658,0.531343
259,0.286994,0.304273,0.361815,0.402232,0.446111,0.514392,0.532370
260,0.286729,0.304281,0.361458,0.402508,0.445126,0.512412,0.532285
261,0.287645,0.304477,0.361435,0.402567,0.445187,0.512568,0.532891
262,0.286257,0.303791,0.361494,0.402162,0.445904,0.513436,0.531476
263,0.285640,0.303245,0.361436,0.402436,0.446184,0.515161,0.531113
264,0.285321,0.303962,0.361144,0.401586,0.446889,0.516299,0.532075
265,0.286297,0.303696,0.360622,0.401508,0.446643,0.514148,0.531016
266,0.287250,0.303501,0.359944,0.401228,0.445948,0.515154,0.532051
267,0.285046,0.303572,0.359340,0.400564,0.445613,0.513433,0.533372
268,0.285208,0.303068,0.359779,0.400684,0.446505,0.514288,0.534249
269,0.285412,0.301537,0.359538,0.400797,0.446921,0.513399,0.534652
270,0.285932,0.301569,0.359095,0.400122,0.446397,0.512901,0.534957
271,0.286051,0.302010,0.358658,0.400649,0.446368,0.515034,0.535135
272,0.285079,0.300888,0.358542,0.399850,0.446500,0.516906,0.535532
273,0.284124,0.299985,0.358381,0.400259,0.446834,0.515592,0.536355
274,0.285376,0.300531,0.358149,0.399482,0.446235,0.517829,0.537669
275,0.284708,0.299561,0.358236,0.399497,0.446422,0.516924,0.536339
276,0.284166,0.299240,0.358175,0.399246,0.445968,0.518420,0.535422
277,0.285264,0.299854,0.357803,0.399267,0.446385,0.518588,0.535056
278,0.285073,0.300384,0.357588,0.399609,0.445817,0.516069,0.536860
279,0.284738,0.300415,0.356625,0.400105,0.445643,0.516562,0.535506
280,0.281957,0.300416,0.357289,0.399312,0.445361,0.517035,0.536342
281,0.282239,0.299844,0.356420,0.400016,0.445558,0.517977,0.535157
282,0.281735,0.300386,0.356209,0.400199,0.445353,0.518466,0.536046
283,0.281945,0.300297,0.356288,0.399957,0.445525,0.516384,0.536021
284,0.280493,0.300102,0.356654,0.399513,0.445052,0.516235,0.535424
285,0.279810,0.299680,0.357240,0.400123,0.445015,0.516349,0.537913
286,0.279809,0.298939,0.356286,0.400629,0.445440,0.517679,0.538318
287,0.278715,0.298971,0.356470,0.400703,0.444786,0.518656,0.538489
288,0.279577,0.298521,0.357168,0.400204,0.445252,0.518953,0.537846
289,0.279086,0.297762,0.355758,0.399692,0.444967,0.517974,0.537965
290,0.279137,0.296247,0.356062,0.399471,0.445543,0.518230,0.537440
291,0.277913,0.297280,0.355799,0.399496,0.446363,0.517594,0.538598
292,0.278045,0.297216,0.356681,0.399604,0.446415,0.518167,0.540157
293,0.278277,0.296978,0.356010,0.399101,0.446021,0.519030,0.537689
294,0.279167,0.296687,0.356333,0.398736,0.445862,0.519099,0.540394
295,0.278296,0.296597,0.355736,0.399204,0.446520,0.518823,0.541075
296,0.278179,0.296307,0.354888,0.398404,0.446549,0.517777,0.540927
297,0.279509,0.295187,0.355274,0.399033,0.446669,0.518837,0.539594
298,0.278148,0.295444,0.355217,0.398172,0.447013,0.518203,0.541875
299,0.278794,0.294826,0.354988,0.398447,0.447303,0.519990,0.542051
300,0.278606,0.295524,0.354867,0.398981,0.447143,0.521030,0.542700
301,0.278144,0.296272,0.355108,0.398311,0.446756,0.520300,0.542435
302,0.277891,0.296348,0.354869,0.397746,0.446757,0.522081,0.543233
303,0.278362,0.295796,0.354054,0.397854,0.446388,0.523699,0.545703
304,0.278227,0.294868,0.353997,0.397563,0.447145,0.523283,0.545292
305,0.277897,0.294258,0.354868,0.397619,0.446073,0.522155,0.546149
306,0.277391,0.295113,0.354540,0.398015,0.445994,0.523678,0.546448
307,0.277824,0.294726,0.355399,0.397847,0.445253,0.522242,0.547544
308,0.277766,0.294341,0.354677,0.397700,0.446414,0.521476,0.548392
309,0.277498,0.294594,0.354509,0.397320,0.446371,0.522519,0.547472
310,0.276584,0.293675,0.354072,0.398107,0.446523,0.523333,0.548790
311,0.276262,0.293811,0.354282,0.398285,0.446127,0.523461,0.548071
312,0.276825,0.292248,0.353759,0.397604,0.446026,0.524392,0.551271
313,0.275650,0.292417,0.353626,0.397578,0.445848,0.524499,0.552372
314,0.275590,0.291945,0.353537,0.397414,0.446962,0.525984,0.552180
315,0.276431,0.292796,0.353207,0.397330,0.445313,0.527685,0.551179
316,0.275572,0.291240,0.353160,0.397108,0.446669,0.527459,0.550282
317,0.274925,0.291528,0.353250,0.397288,0.445718,0.526842,0.549614
318,0.276073,0.291039,0.353858,0.397506,0.445654,0.527095,0.551079
319,0.274794,0.291197,0.353857,0.398127,0.445483,0.528577,0.552660
320,0.274789,0.291092,0.353491,0.397289,0.445351,0.527669,0.553141
321,0.274547,0.290182,0.352465,0.397073,0.446364,0.528610,0.554936
322,0.276795,0.289389,0.352159,0.397011,0.446103,0.527570,0.552921
323,0.275965,0.289520,0.352434,0.396907,0.445845,0.527319,0.552669
324,0.277006,0.288368,0.351351,0.397873,0.445057,0.527500,0.553676
325,0.274483,0.288322,0.351671,0.397718,0.444104,0.527416,0.553025
326,0.275245,0.288069,0.352350,0.397321,0.444683,0.529290,0.554879
327,0.275750,0.288069,0.352211,0.398179,0.445579,0.529174,0.552456
328,0.274866,0.288984,0.352050,0.398026,0.445566,0.530521,0.554909
329,0.275784,0.288276,0.352197,0.398377,0.445754,0.530923,0.552670
330,0.276330,0.288153,0.352334,0.397455,0.445367,0.528295,0.553734
331,0.275048,0.287920,0.352198,0.397090,0.445178,0.530248,0.555409
332,0.273848,0.288351,0.351749,0.397485,0.446412,0.530265,0.554751
333,0.274184,0.289156,0.351013,0.397092,0.445631,0.530056,0.557049
334,0.273802,0.289221,0.351000,0.397386,0.445368,0.529819,0.557407
335,0.274490,0.289084,0.350927,0.397379,0.445835,0.530941,0.558241
336,0.274129,0.288422,0.350567,0.396607,0.446207,0.531440,0.558293
337,0.274237,0.288249,0.350117,0.396662,0.446533,0.531344,0.557800
338,0.274594,0.288172,0.350658,0.396345,0.445973,0.530809,0.558444
339,0.273744,0.288115,0.351139,0.396524,0.445776,0.530225,0.558504
340,0.273036,0.288176,0.350653,0.396688,0.445792,0.532167,0.558344
341,0.273168,0.288234,0.350306,0.396358,0.445798,0.531893,0.557111
342,0.273094,0.288566,0.350257,0.396486,0.446627,0.532641,0.556455
343,0.272518,0.288398,0.349650,0.395688,0.445993,0.532099,0.556817
344,0.271634,0.287054,0.350316,0.395547,0.446419,0.532449,0.557378
345,0.272630,0.286405,0.350540,0.395747,0.446256,0.531076,0.558359
346,0.272032,0.286305,0.350233,0.396078,0.447061,0.530889,0.557418
347,0.271374,0.286425,0.349603,0.396100,0.446202,0.528793,0.558901
348,0.270682,0.286919,0.349329,0.396444,0.445915,0.529224,0.558784
349,0.271718,0.287260,0.349171,0.396045,0.445054,0.529593,0.558407
350,0.272123,0.286497,0.349184,0.395491,0.445353,0.529404,0.556275
351,0.271913,0.286082,0.349417,0.395507,0.445475,0.529984,0.561587
352,0.270492,0.286009,0.349343,0.395416,0.445834,0.529690,0.561460
353,0.270946,0.285588,0.349434,0.395210,0.446439,0.529304,0.562474
354,0.268552,0.284657,0.350302,0.395463,0.447239,0.530049,0.563008
355,0.270077,0.283468,0.350043,0.395064,0.446979,0.528654,0.562106
356,0.268878,0.284563,0.349870,0.394706,0.446795,0.528290,0.562903
357,0.267796,0.284686,0.349436,0.395033,0.445966,0.529332,0.560350
358,0.267921,0.284723,0.348705,0.394781,0.446375,0.529979,0.560064
359,0.266393,0.284154,0.348758,0.393913,0.445837,0.530871,0.562562
360,0.268173,0.284557,0.347629,0.394185,0.445365,0.531772,0.562853
361,0.266669,0.284103,0.347749,0.394311,0.445185,0.530127,0.562286
362,0.266748,0.283838,0.347076,0.394590,0.444999,0.531361,0.561488
363,0.267263,0.284889,0.347654,0.394557,0.445089,0.531423,0.563763
364,0.267102,0.285609,0.347437,0.393795,0.445384,0.531749,0.560151
365,0.265349,0.285465,0.347243,0.393488,0.445890,0.530569,0.564213
366,0.265715,0.285492,0.347523,0.393403,0.445487,0.531276,0.566412
367,0.265937,0.286327,0.347338,0.392968,0.446471,0.530270,0.564662
368,0.265546,0.285786,0.347763,0.393307,0.445505,0.529638,0.564540
369,0.264254,0.285708,0.347142,0.393077,0.446350,0.527553,0.565629
370,0.263078,0.286037,0.346292,0.392922,0.445401,0.527527,0.563325
371,0.265809,0.286248,0.346254,0.392517,0.446079,0.527026,0.564535
372,0.264420,0.286088,0.345856,0.392878,0.446005,0.527283,0.562498
373,0.262841,0.286711,0.345387,0.393068,0.445594,0.529657,0.561428
374,0.263500,0.285748,0.345079,0.392137,0.445268,0.529172,0.563010
375,0.263501,0.284914,0.345492,0.391911,0.444828,0.530263,0.564008
376,0.263532,0.283530,0.344413,0.392377,0.445292,0.531456,0.561926
377,0.262969,0.282977,0.344632,0.391592,0.446263,0.530135,0.562859
378,0.261047,0.283768,0.344574,0.392245,0.446764,0.531875,0.565786
379,0.261710,0.283021,0.344768,0.391789,0.446231,0.529614,0.563588
380,0.261440,0.283817,0.344307,0.391716,0.445919,0.530848,0.562802
381,0.262170,0.283834,0.344312,0.391233,0.446253,0.531939,0.561642
382,0.262196,0.282384,0.343842,0.391765,0.447141,0.530697,0.561851
383,0.261979,0.282100,0.343787,0.391458,0.447348,0.532437,0.563501
384,0.262588,0.281932,0.343657,0.390928,0.448342,0.528543,0.565677
385,0.263043,0.281881,0.343390,0.390432,0.447888,0.526904,0.566669
386,0.263204,0.281116,0.343429,0.389349,0.447714,0.526492,0.564697
387,0.262639,0.280802,0.343561,0.389113,0.445596,0.528014,0.564508
388,0.263921,0.279934,0.343750,0.389543,0.446047,0.528763,0.562672
389,0.263599,0.280616,0.343226,0.389557,0.445915,0.527247,0.562583
390,0.263652,0.281476,0.343559,0.389679,0.445574,0.526768,0.561661
391,0.264128,0.281180,0.342859,0.389211,0.447109,0.526172,0.562451
392,0.264720,0.280825,0.343344,0.389273,0.446580,0.526481,0.560753
393,0.263762,0.281096,0.343208,0.389249,0.445884,0.526759,0.562594
394,0.263582,0.280263,0.343070,0.389536,0.446492,0.527307,0.562815
395,0.263051,0.279648,0.343002,0.388896,0.447006,0.527511,0.561853
396,0.263015,0.279676,0.343079,0.388320,0.446043,0.527780,0.560974
397,0.262447,0.280371,0.342436,0.389087,0.446390,0.527460,0.563310
398,0.261818,0.280067,0.342613,0.388495,0.445821,0.529962,0.564076
399,0.261506,0.280060,0.341771,0.388362,0.447083,0.529351,0.559907
400,0.261140,0.279163,0.341433,0.388261,0.446356,0.530229,0.560373
401,0.262347,0.279062,0.341302,0.388249,0.446503,0.529489,0.560113
402,0.263044,0.279834,0.341580,0.387846,0.446530,0.526098,0.560392
403,0.260255,0.280072,0.341562,0.387600,0.446965,0.525844,0.559199
404,0.261562,0.279500,0.341807,0.388390,0.446896,0.524646,0.557308
405,0.261773,0.278686,0.341261,0.388455,0.446353,0.525648,0.559487
406,0.261905,0.279954,0.341179,0.388221,0.445429,0.526095,0.559998
407,0.261362,0.279678,0.340875,0.388071,0.445440,0.527607,0.560081
408,0.262026,0.278922,0.340693,0.387438,0.446592,0.526798,0.560025
409,0.261752,0.277655,0.341198,0.387825,0.445916,0.526201,0.558561
410,0.261846,0.277729,0.340807,0.389171,0.445881,0.526963,0.557594
411,0.261354,0.278272,0.341159,0.389540,0.446685,0.527029,0.557635
412,0.261977,0.278020,0.340691,0.389430,0.446353,0.526049,0.558643
413,0.260173,0.278529,0.340785,0.389124,0.446172,0.528333,0.556646
414,0.260104,0.278625,0.340382,0.389022,0.445417,0.527838,0.556226
415,0.260089,0.277646,0.339901,0.388511,0.445351,0.526780,0.557434
416,0.259641,0.276934,0.339432,0.388728,0.445926,0.526754,0.555013
417,0.257913,0.277672,0.339604,0.388698,0.446099,0.527306,0.557212
418,0.258465,0.277260,0.339304,0.388997,0.446340,0.528537,0.558249
419,0.257967,0.276412,0.339162,0.388362,0.446801,0.527039,0.558584
420,0.258962,0.274897,0.338843,0.388199,0.446367,0.526029,0.558357
421,0.257637,0.276149,0.339167,0.388502,0.446743,0.525844,0.560296
422,0.257801,0.277061,0.338720,0.387487,0.447414,0.526483,0.561550
423,0.257996,0.276797,0.339139,0.387720,0.447314,0.527633,0.562398
424,0.256859,0.274655,0.338602,0.387510,0.446809,0.528365,0.559512
425,0.255376,0.273588,0.338078,0.387702,0.447034,0.527017,0.560179
426,0.254489,0.273798,0.337684,0.387579,0.446187,0.528093,0.557694
427,0.257437,0.274561,0.337480,0.387208,0.445790,0.528574,0.560145
428,0.256327,0.274532,0.336854,0.387363,0.445874,0.531261,0.558932
429,0.256549,0.274196,0.337638,0.387269,0.446023,0.530317,0.560003
430,0.255024,0.274267,0.337347,0.386168,0.444759,0.531132,0.559744
431,0.254950,0.274562,0.337656,0.386640,0.444516,0.529709,0.561079
432,0.255770,0.273626,0.337923,0.387134,0.445171,0.530514,0.561110
433,0.255787,0.274583,0.337313,0.387344,0.445363,0.531687,0.562446
434,0.255878,0.274326,0.337719,0.386950,0.445598,0.529972,0.561659
435,0.255117,0.274251,0.336911,0.386899,0.444982,0.530642,0.564731
436,0.253148,0.273865,0.335809,0.387034,0.445315,0.531678,0.564971
437,0.253780,0.274587,0.336303,0.387444,0.444945,0.532896,0.565028
438,0.254051,0.273417,0.336067,0.386959,0.445155,0.531143,0.563780
439,0.253375,0.272855,0.335876,0.386612,0.445827,0.530836,0.563072
440,0.253273,0.272715,0.335573,0.386046,0.445509,0.530054,0.561505
441,0.252953,0.272155,0.336241,0.386152,0.444584,0.532006,0.562801
442,0.252520,0.273210,0.336075,0.386802,0.445159,0.532108,0.562711
443,0.252364,0.274070,0.335786,0.386661,0.445419,0.532567,0.560280
444,0.252637,0.273345,0.335437,0.386937,0.445255,0.532872,0.562290
445,0.253867,0.273519,0.335441,0.386670,0.445608,0.533521,0.562253
446,0.252866,0.273621,0.335290,0.386697,0.445801,0.533226,0.563511
447,0.252632,0.273027,0.334852,0.385705,0.446326,0.533807,0.565548
448,0.251767,0.272032,0.334592,0.385704,0.446102,0.532651,0.569005
449,0.251632,0.270147,0.334642,0.385546,0.446359,0.535039,0.568503
450,0.250211,0.271780,0.334185,0.384842,0.446555,0.532693,0.568381
451,0.250350,0.271894,0.334518,0.385313,0.445905,0.531544,0.568748
452,0.252144,0.271010,0.334254,0.385385,0.445434,0.533681,0.569237
453,0.252166,0.270360,0.334220,0.384732,0.446036,0.532565,0.570949
454,0.253013,0.270018,0.333403,0.385080,0.446581,0.532820,0.569851
455,0.251632,0.269881,0.333886,0.384022,0.446149,0.533680,0.568735
456,0.251700,0.270542,0.334201,0.384313,0.446359,0.534805,0.568072
457,0.251048,0.269216,0.334099,0.384653,0.445574,0.532730,0.567332
458,0.251316,0.268999,0.333975,0.384831,0.445325,0.532712,0.568402
459,0.251366,0.267382,0.333234,0.384213,0.446619,0.532612,0.570908
460,0.250109,0.267408,0.333555,0.384106,0.446154,0.531333,0.570209
461,0.249964,0.267964,0.333489,0.384880,0.445910,0.533384,0.571812
462,0.249843,0.266780,0.333418,0.385179,0.446357,0.533834,0.572340
463,0.249576,0.266514,0.333235,0.384493,0.446192,0.534960,0.572351
464,0.249365,0.266057,0.332402,0.384188,0.446783,0.536552,0.570995
465,0.248961,0.266832,0.332436,0.384004,0.446521,0.537243,0.572582
466,0.249517,0.265860,0.332196,0.383967,0.446616,0.538054,0.572840
467,0.248886,0.266945,0.332404,0.383911,0.446141,0.538269,0.570894
468,0.248840,0.266775,0.332630,0.383474,0.445521,0.537851,0.573653
469,0.247967,0.265876,0.331437,0.383482,0.444857,0.538417,0.572703
470,0.248368,0.265816,0.331929,0.384135,0.445365,0.538052,0.571314
471,0.247960,0.266199,0.331761,0.383825,0.444110,0.537516,0.571998
472,0.247849,0.266370,0.332276,0.383886,0.444097,0.537954,0.571147
473,0.248301,0.266767,0.332179,0.383482,0.443691,0.540430,0.573755
474,0.248468,0.267315,0.332070,0.383899,0.444151,0.542492,0.575516
475,0.249216,0.266492,0.332070,0.383749,0.444536,0.542729,0.574140
476,0.248146,0.265716,0.332019,0.383887,0.445904,0.543315,0.575951
477,0.248489,0.265593,0.332217,0.384172,0.444712,0.543728,0.572668
478,0.247692,0.265889,0.331374,0.384769,0.444206,0.543539,0.575241
479,0.248585,0.264796,0.330697,0.383459,0.444136,0.542599,0.577476
480,0.249187,0.265112,0.331427,0.383278,0.444291,0.541533,0.578017
481,0.247923,0.264146,0.331530,0.383598,0.444726,0.539661,0.577079
482,0.246176,0.263925,0.330826,0.383603,0.445398,0.540365,0.577447
483,0.246740,0.263645,0.330319,0.383197,0.446176,0.539804,0.578476
484,0.246007,0.263358,0.330331,0.383180,0.446201,0.539881,0.578546
485,0.245470,0.263103,0.329920,0.383137,0.446584,0.539142,0.578042
486,0.246806,0.263453,0.329966,0.383171,0.446035,0.540482,0.580126
487,0.247196,0.264113,0.329580,0.382941,0.445799,0.538143,0.578962
488,0.247628,0.263389,0.329550,0.382801,0.444718,0.539468,0.578132
489,0.246209,0.263661,0.329628,0.382900,0.444643,0.539993,0.579204
490,0.246989,0.262479,0.329197,0.383000,0.443839,0.537877,0.578898
491,0.246789,0.262907,0.328522,0.382680,0.444383,0.536811,0.580210
492,0.245106,0.262144,0.328210,0.382628,0.443895,0.539067,0.578913
493,0.244909,0.261318,0.328015,0.382832,0.445229,0.539111,0.579115
494,0.244561,0.259807,0.328402,0.382690,0.444713,0.536703,0.578397
495,0.244598,0.259979,0.328630,0.383028,0.444141,0.538773,0.578040
496,0.245539,0.260695,0.328317,0.383532,0.445381,0.537686,0.578677
497,0.245369,0.260592,0.328468,0.384157,0.445358,0.536819,0.577146
498,0.245780,0.261549,0.328470,0.384216,0.444526,0.538418,0.576933
499,0.244757,0.260485,0.328331,0.383005,0.445031,0.540383,0.577420
500,0.245638,0.259895,0.327167,0.383386,0.446113,0.540961,0.576851
501,0.245459,0.259725,0.327581,0.383358,0.445905,0.538959,0.575359
502,0.245513,0.259725,0.327559,0.383059,0.445069,0.538703,0.577650
503,0.245136,0.259336,0.328088,0.383311,0.446421,0.540153,0.578996
504,0.245575,0.259380,0.327498,0.382647,0.446768,0.541604,0.580770
505,0.245264,0.259010,0.326985,0.382844,0.445986,0.541977,0.577539
506,0.245254,0.258861,0.327001,0.383012,0.445280,0.541159,0.577712
507,0.245322,0.258137,0.327302,0.383007,0.445337,0.542163,0.579144
508,0.245146,0.257345,0.327814,0.383524,0.445207,0.541171,0.579607
509,0.245644,0.257866,0.327342,0.383148,0.446476,0.542184,0.578014
510,0.245829,0.258308,0.327498,0.383200,0.445327,0.544537,0.577018
511,0.244966,0.257699,0.327371,0.382849,0.445584,0.546082,0.577296
512,0.245281,0.258143,0.326542,0.382835,0.446761,0.546747,0.578137
513,0.245131,0.257340,0.327076,0.382686,0.446655,0.546510,0.577747
514,0.244940,0.257267,0.326967,0.381513,0.447277,0.546457,0.579553
515,0.244915,0.256945,0.326978,0.382332,0.446318,0.544874,0.579603
516,0.245492,0.257470,0.326646,0.381991,0.445733,0.546212,0.578329
517,0.244613,0.258063,0.326596,0.381843,0.445643,0.546633,0.579458
518,0.244809,0.256945,0.327197,0.381565,0.445715,0.546649,0.578927
519,0.243958,0.256374,0.328047,0.382334,0.446737,0.545054,0.578397
520,0.245094,0.257298,0.327000,0.382582,0.445844,0.543867,0.580322
521,0.243453,0.256668,0.327366,0.382667,0.445218,0.546800,0.580704
522,0.242044,0.256890,0.327370,0.382400,0.443774,0.546898,0.584280
523,0.242194,0.256274,0.327003,0.382243,0.444902,0.546255,0.582654
524,0.240626,0.255323,0.326830,0.381847,0.444908,0.547785,0.584252
525,0.240942,0.255049,0.326789,0.381717,0.443773,0.547023,0.584840
526,0.240779,0.255808,0.326765,0.381558,0.444526,0.544895,0.582404
527,0.240326,0.256206,0.326487,0.381907,0.444295,0.543578,0.582737
528,0.240267,0.255934,0.327291,0.381297,0.445658,0.544382,0.581818
529,0.239077,0.255215,0.327029,0.381734,0.446009,0.545619,0.578009
530,0.239488,0.255545,0.326351,0.381125,0.446131,0.545707,0.579030
531,0.239422,0.254642,0.325634,0.381188,0.445888,0.546099,0.581446
532,0.238082,0.254952,0.326715,0.381486,0.445964,0.544989,0.580284
533,0.238235,0.254514,0.326474,0.381287,0.444646,0.546311,0.579497
534,0.238150,0.255838,0.326386,0.380375,0.445739,0.547266,0.579809
535,0.238046,0.255402,0.327178,0.380701,0.445305,0.544697,0.579580
536,0.238095,0.255450,0.327120,0.380814,0.445858,0.545723,0.578035
537,0.237849,0.255783,0.327032,0.380386,0.445931,0.547384,0.581049
538,0.237314,0.255457,0.326352,0.380788,0.445448,0.545031,0.579476
539,0.237227,0.255874,0.326563,0.380199,0.444344,0.545607,0.580231
540,0.237571,0.255877,0.326866,0.380228,0.444594,0.547104,0.578421
541,0.237052,0.255284,0.326365,0.380466,0.444243,0.545112,0.580184
542,0.236835,0.255293,0.325450,0.379977,0.444451,0.545753,0.580436
543,0.236366,0.256381,0.325725,0.379958,0.445082,0.547119,0.577718
544,0.235400,0.254971,0.324987,0.380716,0.445313,0.544804,0.579623
545,0.233916,0.255184,0.325677,0.379791,0.445343,0.544760,0.582644
546,0.233564,0.254079,0.325754,0.379964,0.444792,0.543929,0.580196
547,0.231549,0.255199,0.324867,0.379918,0.444802,0.544628,0.582598
548,0.232921,0.255148,0.324068,0.379812,0.445117,0.545853,0.582681
549,0.233576,0.253752,0.324218,0.379479,0.444549,0.545050,0.584383
550,0.231495,0.253396,0.324327,0.379393,0.443535,0.547285,0.585741
551,0.232247,0.252872,0.324410,0.380051,0.443922,0.546887,0.585336
552,0.231814,0.252712,0.324427,0.380104,0.444300,0.549159,0.585528
553,0.232505,0.252806,0.324393,0.380189,0.443553,0.547369,0.585381
554,0.233126,0.253522,0.323594,0.380931,0.443521,0.547370,0.585306
555,0.233423,0.252076,0.323946,0.380595,0.442824,0.548490,0.584672
556,0.232533,0.250041,0.322883,0.380362,0.442461,0.550019,0.583406
557,0.233380,0.250522,0.322849,0.379794,0.442838,0.549594,0.584870
558,0.233044,0.251624,0.322770,0.379896,0.443688,0.550124,0.582699
559,0.233143,0.251544,0.323131,0.379843,0.443835,0.548635,0.582497
560,0.232303,0.252256,0.323159,0.379226,0.443988,0.549139,0.583439
561,0.231705,0.251356,0.322771,0.378565,0.443686,0.550200,0.583845
562,0.232568,0.251834,0.322187,0.378676,0.445428,0.551880,0.585714
563,0.231880,0.251036,0.321796,0.378796,0.443711,0.551979,0.586970
564,0.231510,0.250626,0.322061,0.378807,0.444001,0.550882,0.585097
565,0.230639,0.250246,0.322248,0.378611,0.443683,0.551406,0.586770
566,0.231503,0.249980,0.322125,0.378507,0.444487,0.551889,0.587602
567,0.231251,0.250199,0.322342,0.378379,0.444551,0.554502,0.587158
568,0.231732,0.250335,0.322807,0.378147,0.444085,0.552464,0.587571
569,0.231798,0.251171,0.322930,0.377168,0.444433,0.551230,0.587657
570,0.231920,0.251116,0.322962,0.377594,0.444524,0.550855,0.587904
571,0.230448,0.250421,0.323149,0.377859,0.443210,0.550195,0.588662
572,0.230559,0.249784,0.322981,0.377394,0.444371,0.552104,0.587533
573,0.231129,0.250727,0.322945,0.377884,0.443522,0.551280,0.589913
574,0.229118,0.249720,0.322963,0.377613,0.443294,0.550378,0.587947
575,0.228860,0.249863,0.322434,0.377142,0.442355,0.553428,0.588311
576,0.229340,0.250084,0.321863,0.378097,0.442902,0.551401,0.591095
577,0.229214,0.250301,0.321118,0.377714,0.441845,0.550670,0.586248
578,0.228577,0.251558,0.321032,0.377164,0.441979,0.550155,0.584966
579,0.228549,0.250657,0.321366,0.377367,0.442045,0.550372,0.586205
580,0.228781,0.250434,0.321420,0.377240,0.442180,0.550394,0.586433
581,0.228544,0.250703,0.321041,0.376594,0.441782,0.549563,0.587084
582,0.227423,0.250686,0.320698,0.377202,0.442205,0.549762,0.591053
583,0.227670,0.250599,0.320996,0.377927,0.442451,0.549671,0.589874
584,0.227428,0.250370,0.320547,0.377495,0.442491,0.550432,0.593388
585,0.228115,0.251364,0.320522,0.377621,0.442841,0.551513,0.592175
586,0.227863,0.250378,0.319663,0.377454,0.442607,0.550484,0.592186
587,0.227727,0.249484,0.319869,0.377399,0.442375,0.549893,0.592542
588,0.227963,0.250178,0.318679,0.376752,0.442297,0.549559,0.589964
589,0.228292,0.249565,0.319036,0.376584,0.441523,0.550442,0.593774
590,0.228418,0.248993,0.318929,0.377312,0.441576,0.548714,0.592598
591,0.227258,0.249564,0.318931,0.377349,0.442024,0.547032,0.593426
592,0.226201,0.248574,0.319191,0.377156,0.441347,0.550913,0.596223
593,0.226265,0.248853,0.318496,0.376956,0.441703,0.547518,0.595084
594,0.226313,0.248150,0.317855,0.377166,0.441330,0.548915,0.593385
595,0.227826,0.248264,0.317013,0.377183,0.440920,0.547875,0.593579
596,0.227798,0.248189,0.317599,0.377816,0.441555,0.548269,0.593208
597,0.226876,0.248151,0.317665,0.377635,0.441581,0.547023,0.593101
598,0.226539,0.248714,0.317166,0.377762,0.441989,0.546518,0.591191
599,0.226090,0.248580,0.316790,0.377194,0.441410,0.546765,0.594183
600,0.227364,0.247791,0.317622,0.377465,0.440913,0.548056,0.594165
601,0.225781,0.246868,0.317718,0.377375,0.440379,0.546693,0.589959
602,0.225253,0.246697,0.317431,0.377246,0.440946,0.547680,0.591406
603,0.226673,0.246779,0.317026,0.378512,0.439838,0.549073,0.593104
604,0.226280,0.246466,0.317487,0.378129,0.439324,0.549693,0.594380
605,0.226141,0.247380,0.317061,0.377304,0.439407,0.549925,0.596475
606,0.226034,0.247815,0.317146,0.377124,0.439687,0.551545,0.597143
607,0.227089,0.246686,0.316645,0.376749,0.439362,0.551504,0.595333
608,0.226246,0.246887,0.316520,0.375466,0.439345,0.550957,0.596227
609,0.226075,0.247870,0.317147,0.375569,0.439308,0.550338,0.596025
610,0.227099,0.247121,0.316592,0.376158,0.440184,0.551138,0.596813
611,0.226401,0.246291,0.315553,0.375974,0.439313,0.552281,0.596524
612,0.226215,0.245886,0.316011,0.376468,0.439433,0.553730,0.594797
613,0.227081,0.246789,0.315847,0.375891,0.440021,0.553403,0.596016
614,0.227241,0.246417,0.315156,0.376178,0.440204,0.550285,0.593940
615,0.226333,0.246737,0.315404,0.376572,0.439802,0.548515,0.593679
616,0.225620,0.246233,0.315532,0.376433,0.440204,0.549441,0.593034
617,0.225773,0.246114,0.315542,0.374744,0.439560,0.549127,0.589834
618,0.226578,0.246108,0.315753,0.375136,0.439639,0.548994,0.592080
619,0.225490,0.245459,0.316622,0.375025,0.441170,0.546353,0.592445
620,0.225214,0.245146,0.315943,0.374441,0.440597,0.547141,0.592318
621,0.224592,0.246127,0.316092,0.374594,0.440002,0.546452,0.593020
622,0.224206,0.245107,0.315810,0.374193,0.439823,0.546604,0.592652
623,0.224573,0.245371,0.315103,0.374379,0.440063,0.545653,0.592833
624,0.223571,0.244718,0.315005,0.374666,0.441073,0.547557,0.591845
625,0.223932,0.245283,0.314352,0.373400,0.440876,0.549301,0.593942
626,0.223567,0.244987,0.315214,0.373913,0.441487,0.547284,0.593373
627,0.223200,0.246006,0.315180,0.373963,0.440700,0.548276,0.594226
628,0.223447,0.245399,0.315261,0.373850,0.440807,0.547369,0.594347
629,0.224872,0.245322,0.315072,0.373351,0.440436,0.548142,0.591186
630,0.224768,0.245332,0.314739,0.373655,0.440926,0.547462,0.590160
631,0.225166,0.245872,0.314219,0.372929,0.439849,0.545833,0.589935
632,0.225478,0.245789,0.314283,0.373630,0.441272,0.547122,0.591527
633,0.224446,0.245314,0.313599,0.373107,0.440079,0.547199,0.593367
634,0.224156,0.245600,0.313614,0.373012,0.440398,0.546714,0.593790
635,0.224466,0.245030,0.313145,0.372205,0.440153,0.547247,0.592500
636,0.223775,0.245574,0.312708,0.371516,0.440794,0.548261,0.594610
637,0.223275,0.245657,0.312576,0.373073,0.440419,0.547393,0.591509
638,0.222571,0.245617,0.313310,0.372388,0.440071,0.550437,0.592513
639,0.222082,0.244614,0.311689,0.372695,0.440621,0.549579,0.590679
640,0.222734,0.245411,0.311989,0.372391,0.441069,0.549584,0.589027
641,0.222464,0.244828,0.311933,0.372604,0.440183,0.549543,0.591519
642,0.223325,0.244290,0.311272,0.372270,0.440230,0.549264,0.593125
643,0.221491,0.243588,0.311138,0.371176,0.440459,0.549229,0.592173
644,0.221659,0.242320,0.310943,0.371565,0.440781,0.548217,0.593264
645,0.224185,0.241947,0.311282,0.371209,0.440858,0.547573,0.593196
646,0.222790,0.241644,0.311642,0.371238,0.439903,0.549768,0.589350
647,0.221496,0.242663,0.311021,0.371902,0.441042,0.549073,0.586737
648,0.220866,0.242413,0.311184,0.371653,0.440864,0.548931,0.589238
649,0.220673,0.242469,0.311007,0.371528,0.441158,0.549452,0.589716
650,0.220789,0.242961,0.311031,0.371234,0.440791,0.549661,0.589723
651,0.219489,0.242816,0.310940,0.371018,0.440341,0.550328,0.591460
652,0.218119,0.242934,0.310796,0.371391,0.440626,0.550321,0.589740
653,0.216569,0.243063,0.310960,0.371196,0.440453,0.550794,0.589098
654,0.215588,0.241749,0.311182,0.371222,0.440792,0.553366,0.589115
655,0.217138,0.241216,0.311565,0.371682,0.440588,0.552700,0.592682
656,0.216724,0.241187,0.311176,0.372004,0.440577,0.554044,0.592218
657,0.216428,0.239828,0.310420,0.372088,0.440730,0.551698,0.593574
658,0.216662,0.239947,0.310062,0.372020,0.439548,0.552594,0.594803
659,0.216997,0.239706,0.310139,0.371825,0.439083,0.551290,0.594105
660,0.216958,0.238380,0.310663,0.371689,0.439893,0.549821,0.593918
661,0.218052,0.238792,0.309981,0.371710,0.439622,0.549788,0.595141
662,0.217590,0.238893,0.310200,0.371352,0.440008,0.552362,0.596368
663,0.218087,0.238340,0.310072,0.371738,0.439581,0.551971,0.596305
664,0.216705,0.238154,0.310306,0.371973,0.440329,0.551850,0.597702
665,0.217073,0.238717,0.310334,0.371889,0.439601,0.552168,0.596782
666,0.217310,0.238207,0.310295,0.371708,0.440205,0.551566,0.596890
667,0.217510,0.238138,0.309254,0.371384,0.440401,0.550995,0.598515
668,0.217437,0.237661,0.309050,0.371342,0.440550,0.550462,0.598175
669,0.218326,0.238227,0.309803,0.371913,0.440764,0.549853,0.598554
670,0.217855,0.237142,0.310147,0.371153,0.440292,0.549740,0.597323
671,0.215581,0.237509,0.309833,0.371264,0.440196,0.550575,0.595156
672,0.216266,0.237900,0.309879,0.371038,0.440590,0.552034,0.598099
673,0.215852,0.237629,0.309716,0.370670,0.440320,0.550664,0.596160
674,0.215718,0.237223,0.309151,0.370503,0.439045,0.551745,0.595659
675,0.215736,0.237416,0.308948,0.371208,0.439728,0.551853,0.596818
676,0.215793,0.237925,0.308446,0.371372,0.439255,0.553807,0.598384
677,0.215955,0.238065,0.308398,0.371313,0.439659,0.554202,0.599619
678,0.214362,0.238097,0.308780,0.371881,0.439167,0.557000,0.597871
679,0.214271,0.237509,0.308785,0.371027,0.439096,0.555006,0.596441
680,0.214925,0.237458,0.309340,0.371572,0.438146,0.557290,0.597964
681,0.213951,0.237143,0.310358,0.372267,0.437547,0.555800,0.597620
682,0.214093,0.235928,0.310322,0.371087,0.437561,0.554420,0.598680
683,0.213519,0.236645,0.310456,0.371296,0.437682,0.553076,0.595610
684,0.214472,0.237420,0.309810,0.372319,0.437775,0.554831,0.596575
685,0.214940,0.238496,0.310423,0.373169,0.436597,0.555496,0.597574
686,0.213973,0.238155,0.310315,0.372302,0.437820,0.556216,0.596678
687,0.213158,0.238278,0.310150,0.371992,0.437480,0.557276,0.596211
688,0.212652,0.237439,0.310218,0.371933,0.437762,0.556224,0.596858
689,0.212757,0.237303,0.310340,0.371793,0.437753,0.556376,0.598653
690,0.212234,0.236967,0.310133,0.370809,0.436258,0.555576,0.599200
691,0.211576,0.236238,0.311043,0.370474,0.437742,0.555763,0.598506
692,0.213004,0.235752,0.310318,0.370179,0.438354,0.554645,0.598776
693,0.212920,0.234644,0.310069,0.370328,0.436690,0.554388,0.600117
694,0.213443,0.234424,0.309145,0.369640,0.436646,0.555588,0.598585
695,0.212470,0.234279,0.309213,0.369636,0.436248,0.554614,0.598315
696,0.212553,0.234185,0.309393,0.369890,0.436391,0.554804,0.599280
697,0.211679,0.233203,0.309153,0.369460,0.436495,0.552967,0.599275
698,0.210910,0.233351,0.308891,0.369966,0.436516,0.554886,0.599009
699,0.211905,0.233467,0.308501,0.369332,0.436396,0.551304,0.597997
700,0.211631,0.233157,0.308708,0.369212,0.436284,0.551818,0.600669
701,0.212017,0.233522,0.308936,0.370264,0.436599,0.548086,0.597997
702,0.211982,0.232669,0.308638,0.369438,0.436670,0.550195,0.600335
703,0.211166,0.231084,0.309061,0.370531,0.436578,0.550019,0.598004
704,0.212420,0.231619,0.308792,0.370463,0.436330,0.551164,0.599780
705,0.212331,0.230540,0.309368,0.370304,0.436058,0.551880,0.599399
706,0.212706,0.231718,0.309132,0.370427,0.436681,0.552302,0.598833
707,0.211575,0.230475,0.309410,0.370332,0.434736,0.550636,0.599911
708,0.211839,0.230082,0.309526,0.369228,0.434637,0.552196,0.599253
709,0.211434,0.231057,0.308869,0.369223,0.435121,0.551606,0.599208
710,0.212036,0.229433,0.308659,0.369803,0.435137,0.551979,0.598231
711,0.210321,0.229519,0.308220,0.368333,0.434973,0.551740,0.601441
712,0.209013,0.228834,0.309174,0.369794,0.433991,0.551798,0.601193
713,0.211140,0.229493,0.309337,0.368753,0.434939,0.551781,0.603703
714,0.211131,0.228180,0.308735,0.368786,0.435550,0.552020,0.603074
715,0.209117,0.227801,0.307619,0.368377,0.435762,0.551293,0.604995
716,0.209903,0.227362,0.307436,0.368749,0.435199,0.551139,0.605340
717,0.209665,0.227560,0.307728,0.368778,0.435059,0.550703,0.601444
718,0.210140,0.227799,0.306969,0.368001,0.435609,0.552741,0.603218
719,0.209874,0.227637,0.306449,0.367731,0.435587,0.551978,0.607300
720,0.210788,0.227435,0.306766,0.366692,0.435590,0.548921,0.603725
721,0.210258,0.228045,0.307406,0.367092,0.434724,0.549432,0.606128
722,0.209671,0.225667,0.307680,0.367700,0.434746,0.548900,0.603186
723,0.210006,0.225718,0.306759,0.367129,0.435935,0.548395,0.606052
724,0.209558,0.229147,0.306572,0.366384,0.436406,0.548000,0.605754
725,0.209496,0.229370,0.306750,0.366378,0.436189,0.548293,0.604059
726,0.209844,0.227115,0.306535,0.366029,0.437362,0.548857,0.604838
727,0.209241,0.228895,0.305938,0.366245,0.436153,0.549073,0.604951
728,0.210497,0.228500,0.305981,0.366984,0.435761,0.548931,0.605525
729,0.208167,0.227904,0.305970,0.367187,0.434878,0.550371,0.606013
730,0.209249,0.229704,0.306149,0.366593,0.433592,0.551563,0.604079
731,0.207305,0.228676,0.306307,0.366723,0.433260,0.554885,0.601980
732,0.207715,0.229611,0.306354,0.366251,0.433961,0.550140,0.605053
733,0.206839,0.229806,0.305565,0.366268,0.432831,0.549957,0.605395
734,0.207049,0.228843,0.305556,0.366154,0.432559,0.549776,0.603050
735,0.207551,0.228366,0.305492,0.365668,0.433785,0.549053,0.602296
736,0.207961,0.229394,0.305920,0.365460,0.433965,0.548323,0.604434
737,0.208064,0.229214,0.305726,0.365963,0.432758,0.551531,0.602510
738,0.207812,0.229542,0.305705,0.365291,0.433092,0.552527,0.602777
739,0.207886,0.229131,0.305200,0.365915,0.433456,0.551420,0.602352
740,0.206359,0.229159,0.304767,0.365512,0.433582,0.552628,0.601617
741,0.207040,0.229368,0.303970,0.366001,0.432565,0.551870,0.600626
742,0.206398,0.227901,0.304765,0.366088,0.432897,0.550803,0.601763
743,0.206263,0.226805,0.304434,0.365973,0.432770,0.552233,0.601771
744,0.205996,0.228001,0.304448,0.366133,0.432254,0.551983,0.601632
745,0.207075,0.227768,0.304140,0.365650,0.432648,0.553524,0.600969
746,0.206677,0.228034,0.303272,0.365760,0.433210,0.551983,0.601170
747,0.206779,0.228463,0.303222,0.365013,0.433611,0.552007,0.602098
748,0.206964,0.227817,0.303712,0.365474,0.434255,0.551658,0.601401
749,0.206341,0.227331,0.303442,0.365340,0.434264,0.550593,0.604755
750,0.205384,0.226784,0.302942,0.365540,0.433649,0.551727,0.605157
751,0.205934,0.227902,0.301961,0.365134,0.433088,0.553322,0.606020
752,0.205279,0.226941,0.301789,0.365958,0.435119,0.552472,0.603654
753,0.205016,0.227015,0.302132,0.366312,0.433888,0.552219,0.602512
754,0.202939,0.227629,0.302696,0.366098,0.432795,0.549842,0.600193
755,0.203560,0.227144,0.301853,0.366061,0.433780,0.550998,0.600599
756,0.203902,0.225996,0.300963,0.366137,0.434481,0.547138,0.599464
757,0.203535,0.226231,0.300662,0.366726,0.434247,0.549117,0.596485
758,0.203127,0.226366,0.300917,0.366141,0.435147,0.545474,0.597859
759,0.201886,0.226353,0.300895,0.365724,0.433973,0.547297,0.600265
760,0.202170,0.225766,0.301278,0.365399,0.434466,0.547585,0.600258
761,0.203394,0.226401,0.301010,0.364532,0.435212,0.549111,0.603707
762,0.202614,0.225281,0.301291,0.365169,0.434464,0.548556,0.603863
763,0.201586,0.225295,0.300878,0.365695,0.433772,0.550009,0.604935
764,0.201818,0.224780,0.300403,0.364747,0.434245,0.549931,0.607439
765,0.202004,0.223937,0.300898,0.365759,0.434013,0.550536,0.606451
766,0.203134,0.224426,0.300923,0.364889,0.433725,0.551843,0.609610
767,0.203321,0.224178,0.300428,0.365662,0.433947,0.550023,0.612136
768,0.201932,0.224443,0.301480,0.365641,0.433816,0.549078,0.610567
769,0.200763,0.225030,0.300876,0.365887,0.434488,0.550151,0.609945
770,0.201288,0.225013,0.300706,0.365459,0.432533,0.551417,0.607296
771,0.201439,0.225226,0.300805,0.365245,0.433324,0.552914,0.606005
772,0.202423,0.225024,0.300416,0.365131,0.433373,0.551365,0.606940
773,0.201626,0.225216,0.300086,0.365050,0.432785,0.552199,0.605280
774,0.200681,0.224753,0.299307,0.365588,0.433114,0.553964,0.606390
775,0.201117,0.225725,0.299463,0.364712,0.433104,0.553940,0.605258
776,0.201254,0.225356,0.299411,0.364344,0.434299,0.553721,0.603875
777,0.200389,0.225834,0.298344,0.365149,0.434383,0.553915,0.602522
778,0.199924,0.223845,0.298496,0.364788,0.434131,0.552673,0.604410
779,0.200884,0.223067,0.298589,0.365837,0.434204,0.552507,0.602209
780,0.201341,0.224210,0.298366,0.365517,0.434441,0.551325,0.601698
781,0.199464,0.224865,0.298801,0.365476,0.433386,0.553688,0.603505
782,0.200116,0.223706,0.298827,0.365861,0.434710,0.552600,0.601082
783,0.199279,0.223895,0.298958,0.366206,0.434830,0.553774,0.602753
784,0.199432,0.224249,0.299369,0.365606,0.435302,0.554209,0.600950
785,0.199738,0.223379,0.299133,0.365351,0.435236,0.553934,0.604697
786,0.200074,0.223936,0.299323,0.365155,0.435206,0.552737,0.603704
787,0.199897,0.222642,0.299507,0.365567,0.435207,0.552632,0.602999
788,0.201293,0.222724,0.299117,0.364404,0.435389,0.552476,0.603777
789,0.200551,0.223333,0.298879,0.365072,0.435510,0.552786,0.603601
790,0.200111,0.222577,0.298949,0.364391,0.434724,0.552017,0.603813
791,0.201666,0.222922,0.299428,0.364344,0.435150,0.551984,0.603612
792,0.202287,0.222974,0.299373,0.364159,0.435047,0.553301,0.602322
793,0.201598,0.222105,0.299769,0.363345,0.434838,0.553786,0.604166
794,0.201920,0.222962,0.298743,0.363282,0.434456,0.552202,0.606465
795,0.201063,0.222406,0.298440,0.362993,0.434504,0.550224,0.606367
796,0.201685,0.221411,0.298645,0.363009,0.434917,0.551109,0.609974
797,0.200271,0.221555,0.298196,0.362247,0.434523,0.550673,0.612032
798,0.200297,0.220619,0.298288,0.363048,0.435926,0.550803,0.606876
799,0.200331,0.220747,0.297267,0.362422,0.435188,0.550119,0.603958
800,0.201271,0.219838,0.297802,0.362208,0.434365,0.550700,0.603685
801,0.201828,0.220605,0.297175,0.362349,0.434759,0.551563,0.605416
802,0.201851,0.220371,0.296687,0.362788,0.434347,0.550183,0.607869
803,0.202008,0.220345,0.297427,0.363159,0.434574,0.551250,0.607374
804,0.201094,0.221268,0.296991,0.363081,0.434228,0.550075,0.606963
805,0.201655,0.220866,0.297091,0.362507,0.434228,0.552002,0.608823
806,0.200733,0.221043,0.296073,0.362395,0.433798,0.552238,0.608213
807,0.200245,0.221714,0.296117,0.362124,0.434216,0.554365,0.609455
808,0.200372,0.221976,0.296658,0.362020,0.433868,0.556679,0.606530
809,0.199861,0.221086,0.296450,0.362523,0.434454,0.555359,0.608941
810,0.200428,0.221192,0.296445,0.361554,0.433646,0.555130,0.607339
811,0.198415,0.221351,0.296289,0.361234,0.433644,0.554696,0.609529
812,0.198577,0.220481,0.296327,0.361667,0.433166,0.554576,0.611001
813,0.200057,0.219768,0.296330,0.360963,0.433019,0.552864,0.609076
814,0.199930,0.220838,0.295758,0.360641,0.432987,0.552654,0.608507
815,0.199324,0.220817,0.295844,0.360499,0.433640,0.552447,0.608577
816,0.201321,0.220022,0.295205,0.360626,0.432507,0.554180,0.608986
817,0.201278,0.220547,0.295012,0.360682,0.431921,0.554638,0.608130
818,0.200669,0.220548,0.294531,0.360276,0.432640,0.553008,0.606151
819,0.198827,0.220767,0.295033,0.360533,0.432267,0.552849,0.607729
820,0.200283,0.220223,0.294804,0.361253,0.433256,0.551635,0.606004
821,0.199757,0.220037,0.294410,0.361171,0.433526,0.549176,0.604051
822,0.200258,0.219521,0.294827,0.360921,0.432846,0.551600,0.608654
823,0.200119,0.218979,0.294861,0.360786,0.433833,0.552969,0.606238
824,0.200168,0.218769,0.294133,0.360311,0.433010,0.554116,0.603690
825,0.201482,0.219258,0.293686,0.360105,0.432955,0.553869,0.606713
826,0.200226,0.219081,0.293543,0.360110,0.432532,0.553454,0.606830
827,0.199178,0.218862,0.294416,0.359850,0.433715,0.554323,0.607512
828,0.199171,0.218714,0.294490,0.361017,0.434525,0.555565,0.607908
829,0.196652,0.218311,0.293781,0.360777,0.434281,0.554956,0.609969
830,0.198464,0.217863,0.294022,0.359732,0.434125,0.556221,0.606452
831,0.199415,0.219030,0.294054,0.360014,0.433600,0.555550,0.608553
832,0.198859,0.218967,0.294012,0.360124,0.433827,0.552961,0.606187
833,0.197904,0.219654,0.293760,0.359211,0.433300,0.552423,0.612016
834,0.198745,0.219203,0.293159,0.359403,0.434507,0.554369,0.609582
835,0.198393,0.218929,0.293233,0.360126,0.434022,0.557075,0.604969
836,0.198548,0.218304,0.293224,0.360330,0.434202,0.557715,0.605645
837,0.198026,0.217006,0.292584,0.360856,0.434386,0.555864,0.605125
838,0.198707,0.216902,0.292316,0.360368,0.434896,0.557239,0.605316
839,0.197249,0.217507,0.291967,0.360352,0.433534,0.558973,0.602405
840,0.197574,0.217999,0.292074,0.361684,0.433503,0.558631,0.601142
841,0.198771,0.217446,0.292235,0.360611,0.432985,0.557938,0.601624
842,0.199335,0.218366,0.291587,0.361135,0.431639,0.557482,0.607246
843,0.198316,0.218051,0.291893,0.361148,0.432199,0.557336,0.608276
844,0.197377,0.218051,0.292932,0.360566,0.431951,0.559023,0.603884
845,0.197733,0.218875,0.292008,0.360712,0.432965,0.558158,0.604077
846,0.197460,0.217604,0.292717,0.360493,0.432780,0.556979,0.604025
847,0.196980,0.218170,0.292042,0.360893,0.431868,0.558256,0.606461
848,0.195871,0.216634,0.291847,0.361118,0.431612,0.557221,0.608425
849,0.195946,0.216691,0.291512,0.360504,0.431839,0.555996,0.609446
850,0.195337,0.216625,0.291531,0.361195,0.433196,0.556477,0.610627
851,0.196415,0.216891,0.290670,0.360230,0.433276,0.555970,0.610450
852,0.196180,0.217407,0.291662,0.360385,0.432279,0.555766,0.614903
853,0.196790,0.217302,0.291532,0.359994,0.432677,0.554626,0.609950
854,0.196620,0.217159,0.291745,0.359516,0.432310,0.551575,0.613953
855,0.197130,0.217437,0.291794,0.358680,0.431819,0.551345,0.607401
856,0.197292,0.217633,0.291599,0.358906,0.431299,0.551789,0.602513
857,0.196111,0.217735,0.290955,0.359173,0.430314,0.550531,0.607138
858,0.195269,0.216322,0.290229,0.359139,0.431603,0.552923,0.610954
859,0.195861,0.216787,0.290681,0.358797,0.433527,0.552119,0.612660
860,0.196398,0.217475,0.290850,0.358691,0.432480,0.551652,0.611743
861,0.196118,0.217091,0.291067,0.358965,0.432840,0.550482,0.608842
862,0.196957,0.216758,0.289525,0.358575,0.432120,0.553622,0.607682
863,0.197088,0.216522,0.289078,0.357551,0.432497,0.553928,0.607325
864,0.196353,0.215866,0.290128,0.358084,0.432598,0.552882,0.607716
865,0.197405,0.215960,0.290231,0.358341,0.432772,0.554642,0.607585
866,0.197627,0.216703,0.288937,0.357542,0.432774,0.553104,0.607371
867,0.195514,0.216692,0.290276,0.357410,0.433472,0.553044,0.604922
868,0.194292,0.216224,0.289574,0.357137,0.433690,0.554247,0.605455
869,0.194206,0.216099,0.289829,0.356906,0.432927,0.553264,0.605442
870,0.193867,0.215163,0.288648,0.357127,0.432389,0.552906,0.607337
871,0.194122,0.213769,0.288578,0.356825,0.430261,0.551280,0.607390
872,0.194350,0.214283,0.288905,0.356883,0.430449,0.551760,0.607372
873,0.194243,0.214284,0.288662,0.356259,0.431371,0.552505,0.607314
874,0.194821,0.213811,0.289245,0.357688,0.430929,0.550901,0.604669
875,0.195306,0.213600,0.288481,0.357889,0.431669,0.549044,0.603682
876,0.195252,0.212831,0.287929,0.357972,0.430934,0.550667,0.607300
877,0.195118,0.213062,0.287964,0.357228,0.430043,0.551124,0.605541
878,0.193958,0.213562,0.287979,0.356701,0.430218,0.552330,0.608600
879,0.192794,0.213254,0.288851,0.356067,0.430239,0.552723,0.606096
880,0.191598,0.214281,0.288502,0.356106,0.429853,0.554298,0.607417
881,0.192148,0.214075,0.288062,0.356296,0.430021,0.553148,0.607450
882,0.191363,0.214375,0.287311,0.356108,0.430576,0.553788,0.607340
883,0.191553,0.213178,0.287510,0.356048,0.430993,0.553388,0.605919
884,0.192790,0.212884,0.287006,0.355977,0.430461,0.552832,0.608966
885,0.192017,0.212928,0.286931,0.356004,0.430205,0.552048,0.608271
886,0.192068,0.212774,0.287766,0.355885,0.430305,0.552143,0.605264
887,0.192118,0.212296,0.287339,0.355307,0.430352,0.553549,0.603104
888,0.192133,0.212290,0.286812,0.355477,0.429688,0.554913,0.600018
889,0.191978,0.212543,0.286649,0.354836,0.430587,0.553839,0.603195
890,0.192139,0.212749,0.286394,0.354817,0.429965,0.555753,0.603313
891,0.191971,0.212295,0.286191,0.355239,0.430003,0.553879,0.601988
892,0.192344,0.212888,0.286584,0.354857,0.429938,0.551746,0.603244
893,0.191720,0.212434,0.285926,0.354640,0.428795,0.554469,0.599082
894,0.191924,0.212440,0.286576,0.354927,0.428688,0.554449,0.606027
895,0.192433,0.212738,0.286751,0.355320,0.429331,0.556869,0.601685
896,0.193099,0.212280,0.285850,0.355169,0.428953,0.553653,0.603057
897,0.192803,0.212062,0.286105,0.354705,0.427577,0.552228,0.602248
898,0.192427,0.212250,0.286851,0.354615,0.428836,0.552563,0.603599
899,0.193129,0.211434,0.286398,0.353568,0.427448,0.554046,0.604709
900,0.192741,0.211793,0.286290,0.353435,0.427168,0.555212,0.601462
901,0.192959,0.212109,0.286480,0.352801,0.427689,0.553520,0.604889
902,0.192378,0.212364,0.286279,0.352715,0.426895,0.557529,0.602252
903,0.193441,0.211779,0.285394,0.352745,0.425720,0.557295,0.603094
904,0.193047,0.210942,0.284745,0.352799,0.425131,0.558305,0.598967
905,0.193379,0.210403,0.284750,0.351941,0.425195,0.558115,0.600884
906,0.192449,0.210268,0.284851,0.352279,0.425276,0.556121,0.601946
907,0.191137,0.210718,0.285275,0.351999,0.426373,0.558159,0.602512
908,0.191951,0.210090,0.284926,0.351883,0.425536,0.558024,0.603067
909,0.191245,0.210282,0.284726,0.351977,0.425767,0.558853,0.604130
910,0.192506,0.210297,0.283982,0.352318,0.426142,0.555227,0.603407
911,0.191442,0.211252,0.283730,0.351199,0.426342,0.555106,0.602231
912,0.192075,0.210786,0.283752,0.351461,0.425856,0.555436,0.601440
913,0.192124,0.211666,0.283829,0.351675,0.425772,0.556048,0.597809
914,0.192674,0.211216,0.284091,0.351211,0.426684,0.556715,0.601755
915,0.193393,0.211551,0.283549,0.351150,0.427132,0.558101,0.602465
916,0.192977,0.210349,0.283758,0.350664,0.427642,0.554845,0.598417
917,0.193632,0.210372,0.283656,0.350560,0.427700,0.556805,0.599616
918,0.194266,0.210700,0.283304,0.349748,0.427098,0.555830,0.599100
919,0.191859,0.210378,0.283093,0.350029,0.427600,0.556896,0.599471
920,0.192155,0.210243,0.282786,0.350448,0.426976,0.556800,0.598992
921,0.191914,0.210199,0.282851,0.350361,0.426443,0.556543,0.601286
922,0.192999,0.210265,0.283268,0.350519,0.426633,0.556124,0.599432
923,0.191537,0.209378,0.282962,0.349900,0.427230,0.555252,0.599433
924,0.191618,0.209564,0.283064,0.350150,0.427359,0.554880,0.597606
925,0.190820,0.209605,0.282648,0.350333,0.427816,0.556921,0.602316
926,0.189726,0.210422,0.282377,0.350433,0.427874,0.555137,0.602035
927,0.190377,0.209687,0.281819,0.349734,0.428687,0.555274,0.602705
928,0.190743,0.210600,0.281807,0.350316,0.427966,0.556080,0.604828
929,0.190962,0.210354,0.280520,0.349896,0.428058,0.555195,0.607078
930,0.192520,0.209757,0.280552,0.349835,0.428541,0.553589,0.609665
931,0.193071,0.209396,0.280139,0.350233,0.427673,0.554536,0.600570
932,0.192148,0.209732,0.280000,0.350431,0.428511,0.554888,0.603389
933,0.192339,0.209419,0.279444,0.350392,0.428245,0.552064,0.605244
934,0.192424,0.209130,0.280693,0.350263,0.427749,0.551896,0.605959
935,0.191419,0.208965,0.280214,0.350510,0.427536,0.553683,0.606598
936,0.192936,0.209162,0.280111,0.350552,0.427661,0.552767,0.605180
937,0.192875,0.208873,0.280169,0.350039,0.427542,0.553525,0.606457
938,0.192862,0.209038,0.279497,0.349933,0.428483,0.554225,0.607810
939,0.193095,0.209432,0.280059,0.350254,0.427978,0.553896,0.606833
940,0.192495,0.209247,0.279655,0.350765,0.428563,0.552850,0.607785
941,0.191107,0.209016,0.279337,0.350072,0.427885,0.551791,0.604963
942,0.191697,0.209371,0.279196,0.349332,0.427890,0.550102,0.599830
943,0.190078,0.209018,0.279059,0.348884,0.427495,0.550389,0.604114
944,0.190592,0.209137,0.279140,0.348534,0.427323,0.550552,0.602866
945,0.190648,0.209191,0.278936,0.348623,0.427134,0.549393,0.604829
946,0.191330,0.209825,0.278410,0.348217,0.426490,0.552184,0.603708
947,0.191694,0.209887,0.277804,0.348068,0.426782,0.551116,0.601481
948,0.192177,0.209558,0.277884,0.348184,0.427118,0.551464,0.601206
949,0.191989,0.209196,0.277366,0.348354,0.426549,0.549970,0.598221
950,0.191419,0.208601,0.277081,0.348476,0.426954,0.549941,0.597409
951,0.190534,0.208656,0.276592,0.348746,0.426542,0.550406,0.598164
952,0.191396,0.208607,0.277096,0.348969,0.426002,0.550879,0.599309
953,0.191121,0.209186,0.276470,0.348855,0.426145,0.551509,0.599065
954,0.191617,0.208116,0.275606,0.347906,0.426359,0.552059,0.600801
955,0.190674,0.208120,0.276334,0.347458,0.426432,0.551796,0.601877
956,0.191941,0.207712,0.276466,0.347009,0.425299,0.551189,0.602450
957,0.190473,0.208707,0.276450,0.347494,0.425247,0.552290,0.599788
958,0.190007,0.208379,0.276671,0.347301,0.425721,0.550348,0.600589
959,0.189789,0.206428,0.276785,0.347180,0.425937,0.551477,0.595505
960,0.188133,0.206508,0.276504,0.347075,0.424879,0.547618,0.594893
961,0.188299,0.206413,0.276805,0.345864,0.424941,0.551979,0.594323
962,0.187947,0.207142,0.275770,0.345467,0.424289,0.551533,0.594975
963,0.187797,0.205580,0.276280,0.344824,0.425618,0.552608,0.593537
964,0.188619,0.204985,0.276109,0.345089,0.426133,0.553463,0.593185
965,0.188748,0.205643,0.276820,0.343965,0.424442,0.550817,0.595082
966,0.188495,0.205573,0.276517,0.343963,0.424978,0.551185,0.597517
967,0.187580,0.205992,0.276669,0.343600,0.424182,0.550473,0.600496
968,0.188163,0.205867,0.276465,0.343360,0.423880,0.551148,0.604761
969,0.189370,0.206502,0.276696,0.343931,0.423913,0.551815,0.604513
970,0.189107,0.206292,0.276094,0.343651,0.424027,0.551230,0.600664
971,0.189223,0.207557,0.276176,0.344133,0.423853,0.554164,0.599552
972,0.188602,0.207225,0.276066,0.344559,0.424043,0.555301,0.598685
973,0.188619,0.207201,0.275381,0.344384,0.423223,0.554757,0.603380
974,0.188040,0.207192,0.275498,0.344250,0.422724,0.551207,0.602594
975,0.188395,0.207304,0.275148,0.344126,0.423666,0.552220,0.602595
976,0.188561,0.206760,0.275717,0.344063,0.422654,0.553048,0.600341
977,0.187967,0.208158,0.275451,0.344202,0.423396,0.552350,0.598006
978,0.187426,0.207918,0.275311,0.344015,0.423869,0.551368,0.600002
979,0.188719,0.207619,0.274742,0.344187,0.423862,0.548167,0.597119
980,0.189554,0.207541,0.275564,0.343544,0.423500,0.549241,0.598015
981,0.189429,0.207851,0.275446,0.344359,0.423720,0.550257,0.598739
982,0.187544,0.208329,0.275668,0.343822,0.423908,0.551215,0.599341
983,0.187026,0.208725,0.275948,0.343682,0.423940,0.551047,0.599486
984,0.187210,0.208635,0.275761,0.342920,0.424697,0.550813,0.596824
985,0.187614,0.207584,0.275595,0.343256,0.424361,0.550454,0.598596
986,0.187369,0.206448,0.276354,0.343877,0.423731,0.548721,0.598687
987,0.187247,0.206727,0.275422,0.344011,0.422430,0.548972,0.603082
988,0.186870,0.207621,0.275790,0.343406,0.422705,0.548940,0.604029
989,0.187038,0.207102,0.275995,0.343558,0.422881,0.550601,0.610347
990,0.186740,0.206113,0.275555,0.342443,0.423354,0.552400,0.607032
991,0.186655,0.205564,0.275668,0.342483,0.423600,0.552879,0.605893
992,0.186729,0.205863,0.275830,0.342348,0.423103,0.552422,0.606862
993,0.186509,0.205797,0.275254,0.342471,0.423671,0.553325,0.605618
994,0.187418,0.206296,0.275662,0.342584,0.422697,0.550825,0.606028
995,0.186819,0.206245,0.275265,0.342053,0.421616,0.552759,0.601579
996,0.186266,0.205208,0.275462,0.342144,0.422743,0.551881,0.602533
997,0.185431,0.206057,0.274920,0.341800,0.421377,0.551556,0.606228
998,0.186060,0.206129,0.275534,0.342099,0.422325,0.552512,0.599252
999,0.186179,0.207024,0.275583,0.341270,0.421482,0.553376,0.600576
1000,0.186301,0.206830,0.275260,0.342304,0.422594,0.553930,0.602861
1001,0.186397,0.206846,0.275510,0.342096,0.422508,0.552838,0.603354
1002,0.186356,0.207169,0.274730,0.342320,0.423026,0.554642,0.604240
1003,0.185988,0.206442,0.274421,0.342819,0.422481,0.553042,0.605240
1004,0.185321,0.206267,0.274050,0.342205,0.423183,0.552320,0.603580
1005,0.185484,0.205837,0.274438,0.342139,0.423117,0.552288,0.602124
1006,0.185781,0.205586,0.273943,0.342112,0.423127,0.553465,0.606976
1007,0.185456,0.204866,0.273991,0.341212,0.424042,0.552690,0.605189
1008,0.185495,0.204969,0.273194,0.342341,0.423956,0.551614,0.606578
1009,0.183626,0.205266,0.273328,0.341716,0.423497,0.551616,0.606595
1010,0.183006,0.205645,0.272386,0.341355,0.423204,0.550721,0.606471
1011,0.183477,0.205065,0.272321,0.341266,0.422677,0.547880,0.607958
1012,0.183922,0.205051,0.272494,0.340444,0.421637,0.549925,0.608433
1013,0.184129,0.205333,0.273113,0.340946,0.421971,0.549073,0.606797
1014,0.183413,0.204817,0.272440,0.340660,0.422005,0.548888,0.606432
1015,0.182892,0.204808,0.271800,0.340435,0.422273,0.549539,0.605531
1016,0.183228,0.204896,0.271753,0.340696,0.421778,0.549392,0.610030
1017,0.183188,0.205109,0.271547,0.340516,0.421781,0.550850,0.604332
1018,0.184430,0.205639,0.271771,0.339660,0.422324,0.550805,0.607380
1019,0.184038,0.205254,0.270936,0.340457,0.421474,0.549495,0.608429
1020,0.183814,0.204507,0.271356,0.340725,0.421751,0.549955,0.611837
1021,0.183069,0.205718,0.270829,0.341548,0.421782,0.549499,0.614011
1022,0.184387,0.204031,0.270500,0.340502,0.421209,0.549207,0.612796
1023,0.183061,0.204444,0.270398,0.340312,0.420401,0.547918,0.613263
1024,0.181973,0.204652,0.270126,0.339582,0.421359,0.549201,0.615968
1025,0.182964,0.204419,0.269607,0.339044,0.421648,0.548068,0.615228
1026,0.182095,0.204026,0.270152,0.339201,0.421326,0.550739,0.612847
1027,0.182411,0.204241,0.270172,0.338744,0.421325,0.550798,0.618575
1028,0.182623,0.204459,0.269939,0.337447,0.421472,0.552250,0.613797
1029,0.182588,0.204550,0.269797,0.338339,0.420411,0.553714,0.614799
1030,0.181861,0.204383,0.269972,0.338609,0.420901,0.551004,0.610373
1031,0.181541,0.204700,0.270662,0.338943,0.421268,0.551327,0.610539
1032,0.181559,0.204580,0.270091,0.337879,0.421121,0.551599,0.610803
1033,0.182216,0.204589,0.270073,0.339130,0.420724,0.551669,0.608790
1034,0.182614,0.204612,0.270641,0.339908,0.421995,0.552510,0.609028
1035,0.181644,0.203705,0.270837,0.339117,0.422548,0.551443,0.608185
1036,0.181942,0.203692,0.270393,0.339629,0.421854,0.549368,0.610338
1037,0.182450,0.203692,0.270880,0.339660,0.422838,0.548885,0.613926
1038,0.182456,0.203686,0.270173,0.339447,0.424153,0.551653,0.614099
1039,0.181961,0.203838,0.269702,0.338635,0.422633,0.550694,0.619416
1040,0.181914,0.203508,0.269690,0.338809,0.422457,0.550886,0.618494
1041,0.182222,0.203016,0.269502,0.339196,0.421052,0.548148,0.620706
1042,0.181721,0.203058,0.269259,0.338379,0.421660,0.549031,0.617669
1043,0.181954,0.202599,0.270237,0.339232,0.421493,0.548497,0.618306
1044,0.182129,0.202580,0.269685,0.339351,0.421139,0.549565,0.617066
1045,0.183673,0.201241,0.269364,0.339483,0.420744,0.549770,0.619488
1046,0.183473,0.201569,0.270536,0.338389,0.420641,0.551045,0.617729
1047,0.183766,0.201368,0.269970,0.339501,0.420698,0.551451,0.618924
1048,0.183965,0.201731,0.270019,0.339086,0.421313,0.550480,0.620987
1049,0.181522,0.199928,0.269875,0.338224,0.420463,0.553160,0.619830
1050,0.181108,0.199807,0.269971,0.337938,0.420633,0.552048,0.617733
1051,0.182230,0.199671,0.269309,0.337811,0.421703,0.551173,0.616462
1052,0.182192,0.199162,0.269158,0.338122,0.421177,0.551119,0.617157
1053,0.181658,0.199648,0.269127,0.338416,0.420779,0.553765,0.617342
1054,0.180769,0.199364,0.268758,0.338490,0.421230,0.554042,0.614955
1055,0.180390,0.199149,0.268298,0.338885,0.421738,0.555012,0.620648
1056,0.179747,0.200193,0.268726,0.338231,0.421392,0.553347,0.616857
1057,0.180506,0.200946,0.268803,0.338400,0.421459,0.553553,0.614449
1058,0.179362,0.200966,0.268444,0.338197,0.421646,0.554688,0.614028
1059,0.180885,0.200625,0.268219,0.338580,0.422646,0.554525,0.614312
1060,0.180832,0.201294,0.268031,0.338194,0.421398,0.554028,0.614304
1061,0.180351,0.202139,0.267103,0.338224,0.421542,0.552627,0.615785
1062,0.179899,0.201456,0.267375,0.338263,0.421841,0.556697,0.617817
1063,0.179971,0.200869,0.267944,0.338146,0.421037,0.553827,0.619818
1064,0.179520,0.199785,0.268852,0.337732,0.421269,0.553639,0.618007
1065,0.179141,0.199702,0.268397,0.337437,0.421545,0.557544,0.617685
1066,0.178511,0.199861,0.268372,0.337122,0.420776,0.556939,0.616430
1067,0.179081,0.200537,0.268894,0.336681,0.421320,0.554497,0.619056
1068,0.179664,0.200932,0.269106,0.337049,0.421793,0.554720,0.616991
1069,0.179738,0.199755,0.269105,0.335950,0.421308,0.556589,0.617756
1070,0.179211,0.198975,0.267955,0.336208,0.421822,0.557970,0.615835
1071,0.179488,0.199786,0.267374,0.336433,0.420851,0.558465,0.616410
1072,0.179373,0.200346,0.267430,0.336234,0.420557,0.558958,0.615125
1073,0.178411,0.200191,0.266836,0.336363,0.420379,0.558910,0.615221
1074,0.178335,0.200237,0.267019,0.336487,0.420883,0.559377,0.616252
1075,0.178445,0.199562,0.266537,0.336063,0.420215,0.558538,0.616571
1076,0.178099,0.199116,0.267308,0.336013,0.419530,0.558855,0.615394
1077,0.178075,0.199290,0.267197,0.335857,0.420407,0.558971,0.612543
1078,0.178106,0.198722,0.268390,0.336149,0.421252,0.557651,0.617324
1079,0.177032,0.197977,0.267512,0.336214,0.421888,0.555341,0.616566
1080,0.177555,0.198910,0.267371,0.336583,0.421193,0.557470,0.617797
1081,0.177275,0.198413,0.267597,0.336847,0.421036,0.556360,0.617864
1082,0.177966,0.197507,0.267530,0.336352,0.422204,0.557196,0.619245
1083,0.178485,0.198479,0.267530,0.336066,0.421845,0.556449,0.619522
1084,0.178505,0.197830,0.267593,0.335805,0.421209,0.557877,0.617835
1085,0.178843,0.198029,0.268013,0.336144,0.421193,0.558738,0.614350
1086,0.178800,0.199051,0.267686,0.335922,0.421522,0.558034,0.617234
1087,0.178534,0.198819,0.268033,0.335920,0.421056,0.559432,0.618648
1088,0.179505,0.198990,0.267578,0.335871,0.420713,0.560355,0.616737
1089,0.178934,0.198335,0.267540,0.336711,0.421608,0.561791,0.611997
1090,0.180558,0.198085,0.267221,0.336204,0.420875,0.560527,0.612383
1091,0.180206,0.197929,0.267157,0.336021,0.421457,0.560335,0.612385
1092,0.179843,0.197551,0.266857,0.335562,0.420291,0.558928,0.614805
1093,0.178563,0.197910,0.266798,0.335984,0.420006,0.556054,0.612740
1094,0.179695,0.197289,0.266528,0.336226,0.420353,0.557404,0.618440
1095,0.178455,0.197339,0.266564,0.336025,0.420569,0.556947,0.612796
1096,0.179185,0.196398,0.265978,0.335855,0.420449,0.559585,0.613244
1097,0.178808,0.196670,0.265540,0.335969,0.420061,0.559388,0.612249
1098,0.178928,0.197182,0.265468,0.335903,0.420717,0.558082,0.612040
1099,0.179032,0.196207,0.265736,0.335759,0.420001,0.556274,0.615634
1100,0.178395,0.196644,0.265730,0.334585,0.419605,0.556900,0.615074
1101,0.178712,0.196112,0.265695,0.333806,0.419797,0.557527,0.612754
1102,0.179162,0.196935,0.266131,0.333549,0.420272,0.560208,0.613262
1103,0.178696,0.194710,0.266105,0.333985,0.419395,0.562165,0.611681
1104,0.177762,0.195655,0.266521,0.334074,0.420457,0.561052,0.611645
1105,0.177872,0.197414,0.265306,0.333555,0.420786,0.561308,0.611168
1106,0.178084,0.197042,0.265494,0.333835,0.420449,0.563008,0.608574
1107,0.177870,0.196846,0.265471,0.333171,0.420190,0.562825,0.608221
1108,0.177696,0.196852,0.265348,0.333664,0.419010,0.560408,0.610379
1109,0.177680,0.197742,0.264784,0.332634,0.419330,0.559376,0.609174
1110,0.178341,0.197085,0.264904,0.332282,0.418290,0.559501,0.611680
1111,0.177339,0.196881,0.265210,0.333744,0.418380,0.559481,0.612722
1112,0.175332,0.196947,0.265463,0.333487,0.417314,0.558279,0.611646
1113,0.175927,0.196197,0.265966,0.332326,0.418394,0.557998,0.612383
1114,0.176216,0.196229,0.265211,0.332606,0.418637,0.561194,0.613546
1115,0.176884,0.195851,0.264898,0.332239,0.419038,0.562639,0.613190
1116,0.177194,0.195214,0.264880,0.331719,0.418321,0.562265,0.607639
1117,0.175932,0.195735,0.264239,0.331544,0.417460,0.561399,0.608236
1118,0.178556,0.195592,0.264375,0.331140,0.417841,0.563596,0.610285
1119,0.178078,0.195355,0.263792,0.331239,0.416829,0.559517,0.608119
1120,0.178064,0.196006,0.264144,0.330911,0.416480,0.562100,0.610107
1121,0.177691,0.195800,0.264590,0.331497,0.416883,0.560884,0.610007
1122,0.177189,0.195820,0.264667,0.331674,0.418201,0.560195,0.609441
1123,0.177620,0.196293,0.264220,0.331259,0.418861,0.562207,0.612580
1124,0.176800,0.196112,0.264355,0.331269,0.418827,0.561127,0.611573
1125,0.176274,0.195844,0.264474,0.331312,0.418118,0.560921,0.614814
1126,0.176368,0.195541,0.263955,0.330338,0.419048,0.561356,0.616537
1127,0.176276,0.195729,0.263781,0.329954,0.417291,0.560645,0.617399
1128,0.175118,0.196141,0.263044,0.331243,0.417107,0.556719,0.613518
1129,0.174509,0.196458,0.263075,0.330658,0.417749,0.558064,0.609743
1130,0.174386,0.196053,0.263386,0.331498,0.417651,0.559047,0.609876
1131,0.172798,0.196137,0.262511,0.330606,0.417401,0.560079,0.610952
1132,0.173139,0.196114,0.262690,0.329817,0.418840,0.560816,0.611995
1133,0.172486,0.195766,0.262390,0.329810,0.417789,0.560923,0.616906
1134,0.173483,0.195040,0.262742,0.329868,0.416536,0.559137,0.614001
1135,0.172834,0.194878,0.262721,0.330151,0.416600,0.560547,0.615709
1136,0.172431,0.194281,0.262719,0.330551,0.416262,0.561284,0.613096
1137,0.173074,0.195426,0.262613,0.329680,0.417707,0.557719,0.616344
1138,0.172653,0.195532,0.263182,0.330253,0.416460,0.556963,0.615019
1139,0.171740,0.194305,0.262547,0.330088,0.417326,0.557264,0.615437
1140,0.171066,0.194714,0.262294,0.329976,0.416825,0.557794,0.616368
1141,0.170297,0.195433,0.262425,0.329246,0.417572,0.558633,0.616806
1142,0.171732,0.194308,0.262218,0.329957,0.417868,0.555192,0.618167
1143,0.171744,0.194844,0.262237,0.330208,0.417382,0.555137,0.614649
1144,0.172004,0.194915,0.261396,0.329719,0.417444,0.556069,0.616608
1145,0.172863,0.195235,0.261614,0.329433,0.416372,0.556289,0.615470
1146,0.172248,0.195160,0.261887,0.329632,0.417627,0.555252,0.617453
1147,0.171763,0.194230,0.261680,0.330096,0.417325,0.553447,0.614807
1148,0.171305,0.194682,0.261276,0.329920,0.417465,0.554806,0.615639
1149,0.171079,0.193657,0.261425,0.330200,0.416115,0.558424,0.617346
1150,0.170860,0.193059,0.261099,0.329957,0.415596,0.556003,0.616096
1151,0.170520,0.192750,0.261359,0.330210,0.415758,0.555594,0.619038
1152,0.170793,0.193120,0.262173,0.331764,0.416157,0.555633,0.615927
1153,0.169646,0.192823,0.262243,0.330679,0.416929,0.557562,0.616674
1154,0.169155,0.192638,0.262340,0.330691,0.415393,0.557420,0.618035
1155,0.169159,0.191270,0.262113,0.330636,0.415033,0.559176,0.618130
1156,0.169882,0.191704,0.262342,0.330194,0.415033,0.557236,0.619758
1157,0.169456,0.191311,0.262508,0.330034,0.414858,0.558825,0.622407
1158,0.169548,0.192014,0.262351,0.329109,0.413514,0.558614,0.619200
1159,0.168455,0.191480,0.263039,0.329140,0.414158,0.558115,0.621118
1160,0.168583,0.191904,0.261982,0.328806,0.414863,0.556396,0.616501
1161,0.168682,0.193245,0.262082,0.328972,0.414361,0.555453,0.618190
1162,0.168869,0.191863,0.262848,0.328383,0.414853,0.554839,0.614929
1163,0.168679,0.191899,0.262938,0.328059,0.414060,0.557148,0.618483
1164,0.169695,0.191998,0.262429,0.328082,0.413777,0.556573,0.617086
1165,0.169885,0.191993,0.263012,0.327188,0.415173,0.555976,0.615963
1166,0.169734,0.191494,0.262173,0.327088,0.415605,0.554650,0.610212
1167,0.170234,0.191493,0.262504,0.327966,0.414968,0.553532,0.610805
1168,0.169874,0.191469,0.262828,0.327450,0.414796,0.553678,0.611205
1169,0.169936,0.190765,0.262464,0.327867,0.414673,0.555086,0.613345
1170,0.169011,0.190105,0.262253,0.328031,0.414735,0.555026,0.611891
1171,0.168903,0.190441,0.261814,0.327977,0.415752,0.553251,0.610313
1172,0.169794,0.189796,0.261700,0.327742,0.415588,0.548797,0.611860
1173,0.168383,0.189367,0.261741,0.327741,0.414820,0.551625,0.618989
1174,0.168014,0.189726,0.262263,0.326903,0.414510,0.551644,0.619884
1175,0.168464,0.189816,0.262119,0.327403,0.413140,0.551011,0.618854
1176,0.169095,0.189492,0.261809,0.327635,0.413947,0.550886,0.616842
1177,0.169550,0.188499,0.262643,0.327896,0.413127,0.551840,0.620761
1178,0.167427,0.187840,0.262336,0.327699,0.412526,0.552233,0.620365
1179,0.167446,0.188160,0.263128,0.327582,0.413069,0.552235,0.618557
1180,0.168936,0.187621,0.262904,0.327256,0.412519,0.552561,0.618382
1181,0.167858,0.188422,0.262818,0.328355,0.412145,0.554117,0.617529
1182,0.168508,0.188298,0.262557,0.327680,0.411759,0.552932,0.612889
1183,0.168900,0.188077,0.262872,0.327706,0.410719,0.555314,0.614448
1184,0.168869,0.188692,0.262526,0.328607,0.411379,0.555818,0.611954
1185,0.169095,0.187863,0.262710,0.328485,0.412695,0.557568,0.613144
1186,0.169618,0.187322,0.261721,0.328250,0.413030,0.557330,0.610291
1187,0.168660,0.187002,0.261423,0.328321,0.412826,0.559420,0.612504
1188,0.168661,0.186879,0.261618,0.328115,0.412855,0.560079,0.613393
1189,0.169052,0.187217,0.260752,0.328555,0.411711,0.557541,0.613478
1190,0.169200,0.187116,0.261010,0.328067,0.411182,0.558807,0.613278
1191,0.169718,0.186013,0.261349,0.328456,0.412203,0.559484,0.614213
1192,0.169210,0.186230,0.261214,0.328564,0.412541,0.559958,0.615469
1193,0.170474,0.186189,0.260448,0.328469,0.412716,0.559584,0.615202
1194,0.169879,0.185870,0.260801,0.328383,0.412403,0.558780,0.616330
1195,0.170511,0.186267,0.260889,0.328012,0.413262,0.558090,0.617005
1196,0.170059,0.186526,0.259954,0.326983,0.411225,0.558587,0.614425
1197,0.169744,0.186628,0.259570,0.326832,0.411940,0.560861,0.612596
1198,0.170579,0.186299,0.259829,0.326880,0.411128,0.559411,0.612518
1199,0.169525,0.185942,0.259553,0.326886,0.410405,0.559181,0.608875
1200,0.168682,0.184617,0.260075,0.327180,0.411206,0.559235,0.613116
1201,0.168782,0.184597,0.259442,0.327742,0.410610,0.560834,0.613504
1202,0.168860,0.183330,0.259548,0.328496,0.410649,0.560224,0.614119
1203,0.168169,0.183410,0.259225,0.328438,0.409242,0.558279,0.615332
1204,0.167929,0.183160,0.259869,0.328328,0.409359,0.561368,0.616408
1205,0.167313,0.184253,0.260340,0.328399,0.410478,0.559738,0.618537
1206,0.167474,0.184191,0.260150,0.328221,0.409904,0.559277,0.619843
1207,0.167242,0.183701,0.259922,0.327705,0.410020,0.560776,0.617082
1208,0.166587,0.184025,0.260027,0.328114,0.410726,0.559674,0.614826
1209,0.166602,0.183372,0.260187,0.327013,0.410800,0.558797,0.618119
1210,0.165815,0.183861,0.260145,0.327215,0.410601,0.560299,0.612900
1211,0.165302,0.183631,0.260325,0.326612,0.410017,0.558750,0.614773
1212,0.165582,0.183114,0.260420,0.326032,0.410468,0.556756,0.609802
1213,0.165546,0.183257,0.260368,0.326776,0.410532,0.558770,0.611425
1214,0.166013,0.182873,0.259414,0.326646,0.411624,0.558887,0.608890
1215,0.166627,0.182344,0.259314,0.326333,0.411647,0.558730,0.609951
1216,0.166823,0.182173,0.259759,0.326718,0.412105,0.561786,0.611489
1217,0.166515,0.181637,0.259276,0.328341,0.412910,0.558074,0.609877
1218,0.166377,0.181664,0.259309,0.327712,0.412000,0.558713,0.610115
1219,0.166287,0.182014,0.259445,0.327738,0.412409,0.559678,0.610379
1220,0.167142,0.181852,0.258407,0.327512,0.412156,0.558700,0.612588
1221,0.167246,0.181542,0.258203,0.328641,0.410915,0.557370,0.610978
1222,0.167322,0.181775,0.258382,0.328250,0.410790,0.561140,0.610339
1223,0.167933,0.182355,0.257806,0.327817,0.410372,0.561019,0.613142
1224,0.167099,0.181986,0.258185,0.326956,0.410202,0.560309,0.612492
1225,0.166017,0.182157,0.257658,0.327454,0.409817,0.556304,0.611150
1226,0.165675,0.182031,0.257318,0.326755,0.410152,0.557702,0.610007
1227,0.167132,0.181459,0.256860,0.326877,0.409448,0.557262,0.613764
1228,0.166462,0.182082,0.255508,0.326648,0.409154,0.558595,0.611152
1229,0.166325,0.181665,0.256048,0.326367,0.409941,0.559832,0.611163
1230,0.166794,0.182726,0.256760,0.326397,0.410118,0.557383,0.612239
1231,0.166589,0.182300,0.256527,0.325597,0.409316,0.559762,0.614100
1232,0.166502,0.182819,0.256213,0.325926,0.409165,0.560690,0.613814
1233,0.165728,0.182927,0.256307,0.326404,0.408086,0.562713,0.614682
1234,0.165973,0.182797,0.256149,0.326214,0.408011,0.563927,0.613777
1235,0.164763,0.181880,0.256408,0.325754,0.408128,0.562417,0.616991
1236,0.165784,0.181722,0.255069,0.324903,0.408794,0.561172,0.617299
1237,0.165684,0.181824,0.255048,0.325234,0.408226,0.561303,0.617572
1238,0.164562,0.181562,0.254686,0.323914,0.408539,0.562594,0.619545
1239,0.164589,0.181271,0.254237,0.325031,0.407845,0.563273,0.618592
1240,0.165140,0.180696,0.253759,0.324447,0.407936,0.562757,0.617237
1241,0.164864,0.180837,0.253957,0.324514,0.406926,0.562019,0.617271
1242,0.165038,0.180744,0.254058,0.325294,0.407711,0.562044,0.615875
1243,0.163941,0.180987,0.253609,0.325295,0.408152,0.561376,0.614001
1244,0.164197,0.181427,0.254092,0.325066,0.407273,0.560366,0.616775
1245,0.164473,0.181761,0.253347,0.325027,0.407008,0.560833,0.615546
1246,0.164235,0.181054,0.253497,0.325009,0.405840,0.560708,0.615516
1247,0.163950,0.181406,0.254198,0.323950,0.406352,0.561030,0.618324
1248,0.163809,0.181480,0.253754,0.324145,0.406385,0.562927,0.616559
1249,0.163802,0.181788,0.253927,0.324559,0.406787,0.564162,0.618378
1250,0.163089,0.182102,0.253095,0.324420,0.407068,0.561237,0.619089
1251,0.163448,0.181055,0.253977,0.324886,0.406361,0.560486,0.623393
1252,0.162735,0.181209,0.252763,0.324490,0.407808,0.559246,0.618321
1253,0.161855,0.181162,0.252822,0.324180,0.406773,0.558363,0.614961
1254,0.161361,0.181258,0.252694,0.324786,0.406455,0.557671,0.613410
1255,0.161883,0.181636,0.251872,0.324752,0.406119,0.556397,0.613408
1256,0.161724,0.182303,0.251938,0.324016,0.407689,0.556110,0.614072
1257,0.160603,0.181663,0.252073,0.323428,0.408057,0.557023,0.611794
1258,0.160461,0.182205,0.252429,0.324101,0.407745,0.557864,0.613732
1259,0.161145,0.181814,0.252435,0.324507,0.408380,0.558642,0.612637
1260,0.160871,0.182800,0.252774,0.324765,0.409071,0.555326,0.612142
