day,0,1,2,3,4,5,6,7,8,9,10,11,12,13,14,15,16,17,18,19,20,21,22,23,24,25,26,27,28,29,30,31,32,33,34,35,36,37,38,39,40,41,42,43,44,45,46,47,48,49,50,51,52,53,54,55,56,57,58,59,60,61,62,63,64,65,66,67,68,69,70,71,72,73,74,75,76,77,78,79,80,81,82,83,84,85,86,87,88,89,90,91,92,93,94,95,96,97,98,99
1,0.420981,0.426000,0.419420,0.427142,0.431193,0.424472,0.428620,0.430024,0.425251,0.422974,0.433820,0.425105,0.431513,0.426097,0.423466,0.424785,0.430311,0.424853,0.423041,0.424090,0.423882,0.425243,0.421571,0.425686,0.424757,0.421532,0.427279,0.427378,0.423090,0.425227,0.424853,0.421096,0.420905,0.423204,0.418577,0.428498,0.424382,0.427140,0.424826,0.422362,0.425065,0.428413,0.424097,0.426449,0.428626,0.424090,0.427103,0.430741,0.423456,0.421085,0.423713,0.424598,0.431641,0.426864,0.426484,0.428735,0.424723,0.421961,0.424537,0.421257,0.426036,0.427442,0.424889,0.424853,0.427505,0.428192,0.423582,0.429395,0.422341,0.430458,0.421170,0.423585,0.420229,0.423104,0.415930,0.427873,0.420407,0.423471,0.425971,0.427378,0.424717,0.424853,0.423228,0.427183,0.426018,0.431678,0.434043,0.428260,0.426949,0.419889,0.426947,0.425464,0.428217,0.422017,0.418127,0.427486,0.413598,0.424523,0.424567,0.429862
22,0.422909,0.428219,0.414327,0.421468,0.453170,0.399343,0.426609,0.442662,0.422877,0.429877,0.440972,0.424405,0.447629,0.409409,0.412873,0.382756,0.444092,0.421446,0.428048,0.422639,0.408025,0.418263,0.399546,0.393675,0.387711,0.430993,0.429881,0.437898,0.431932,0.425636,0.424621,0.429542,0.410861,0.404332,0.419909,0.408606,0.418615,0.440477,0.412027,0.416969,0.421459,0.434153,0.417788,0.416215,0.447404,0.417909,0.456937,0.427834,0.416178,0.420174,0.401569,0.432061,0.438032,0.451265,0.432296,0.448889,0.414934,0.416392,0.413238,0.401910,0.435371,0.425627,0.456173,0.426797,0.417967,0.412424,0.441386,0.454480,0.444395,0.436474,0.431134,0.442231,0.397709,0.428108,0.431752,0.410949,0.408820,0.391739,0.427573,0.434973,0.424782,0.420434,0.412031,0.463017,0.434551,0.435404,0.411999,0.392856,0.422054,0.400812,0.428452,0.439897,0.411268,0.433920,0.436194,0.436115,0.388444,0.422899,0.435533,0.449677
43,0.407197,0.430089,0.386123,0.416408,0.460738,0.376400,0.450115,0.432462,0.397908,0.429546,0.408678,0.402158,0.445018,0.420587,0.383487,0.380581,0.443231,0.401687,0.435428,0.419306,0.395369,0.418404,0.406570,0.399914,0.422790,0.438427,0.460590,0.401901,0.404830,0.442080,0.440549,0.444835,0.428702,0.415759,0.439876,0.396672,0.418747,0.443359,0.421687,0.403678,0.393648,0.447425,0.408590,0.417061,0.474022,0.409328,0.456919,0.386043,0.437395,0.421165,0.392774,0.459224,0.440488,0.478212,0.439897,0.438247,0.414250,0.385913,0.420517,0.401338,0.433119,0.441317,0.467461,0.426340,0.422140,0.432504,0.450711,0.446483,0.451875,0.456576,0.434978,0.462189,0.398863,0.398563,0.439337,0.436070,0.420907,0.400599,0.457169,0.437563,0.425779,0.396483,0.416651,0.452466,0.438268,0.438660,0.394216,0.418018,0.413306,0.399041,0.428089,0.413184,0.384700,0.412326,0.440973,0.422116,0.387522,0.448072,0.427339,0.453822
64,0.379429,0.395688,0.360515,0.434323,0.472397,0.364963,0.475814,0.439004,0.409983,0.452764,0.406997,0.391548,0.436126,0.373818,0.395555,0.379506,0.434309,0.400465,0.420110,0.418288,0.393080,0.411218,0.403836,0.408891,0.415530,0.449809,0.457646,0.402514,0.386692,0.442423,0.442513,0.454120,0.396062,0.414281,0.430256,0.421155,0.428539,0.412441,0.427562,0.411106,0.381853,0.456720,0.415995,0.414987,0.489487,0.421598,0.433106,0.381811,0.419784,0.411695,0.393513,0.443795,0.460879,0.471204,0.448668,0.469341,0.409808,0.409227,0.410940,0.389621,0.423096,0.434167,0.471997,0.403528,0.408885,0.444800,0.416967,0.444565,0.436542,0.454466,0.447826,0.469258,0.388002,0.405265,0.417370,0.452802,0.374038,0.371633,0.432681,0.434058,0.443111,0.418195,0.432097,0.463157,0.451402,0.446017,0.394195,0.425011,0.392265,0.377025,0.433809,0.424514,0.389517,0.423584,0.447607,0.438370,0.407737,0.439486,0.386820,0.472631
85,0.375847,0.388281,0.370387,0.433924,0.470554,0.371506,0.493521,0.445768,0.392364,0.453758,0.423294,0.410613,0.400985,0.329630,0.350085,0.377979,0.429032,0.401590,0.426320,0.409110,0.384761,0.359453,0.434033,0.412826,0.411850,0.435444,0.473887,0.361154,0.382117,0.409314,0.436136,0.453025,0.381873,0.406452,0.424062,0.442212,0.427797,0.408865,0.397224,0.402230,0.411058,0.471949,0.402792,0.392208,0.492733,0.422048,0.400070,0.370079,0.416660,0.426678,0.391668,0.438698,0.451797,0.472638,0.434810,0.455007,0.359607,0.397523,0.409393,0.379836,0.430980,0.455710,0.467486,0.404234,0.398074,0.420988,0.414730,0.440476,0.409642,0.452311,0.477275,0.507608,0.398641,0.389656,0.441697,0.429350,0.396636,0.380624,0.424498,0.439355,0.403119,0.421231,0.446457,0.469204,0.429668,0.473143,0.378103,0.367852,0.390629,0.372104,0.442734,0.416818,0.393268,0.422747,0.465920,0.437015,0.423992,0.431488,0.409290,0.446967
106,0.374500,0.399723,0.372954,0.442768,0.466655,0.373695,0.461569,0.466853,0.386766,0.413549,0.398478,0.424628,0.368295,0.330708,0.322124,0.376490,0.452025,0.340173,0.431888,0.414783,0.363549,0.372145,0.440078,0.381511,0.437568,0.459770,0.480670,0.376531,0.367991,0.412052,0.447313,0.424397,0.352530,0.426481,0.438943,0.432813,0.445055,0.400849,0.385939,0.417565,0.393473,0.484144,0.390312,0.404788,0.495978,0.407262,0.407313,0.351859,0.419774,0.368458,0.417345,0.456431,0.458815,0.469354,0.438327,0.441581,0.354886,0.410858,0.412909,0.346372,0.445896,0.488548,0.463791,0.391537,0.408743,0.423778,0.419222,0.432108,0.421212,0.473476,0.483192,0.517126,0.372477,0.371865,0.438587,0.376054,0.400189,0.350148,0.409917,0.443525,0.409938,0.411171,0.457289,0.506305,0.416041,0.439389,0.379755,0.363667,0.398411,0.376854,0.424594,0.424708,0.394808,0.419409,0.482239,0.447726,0.435953,0.419267,0.426319,0.456296
127,0.377389,0.400589,0.347977,0.440733,0.458008,0.396786,0.451454,0.481400,0.400951,0.416876,0.429276,0.413985,0.355017,0.339601,0.305434,0.388343,0.469366,0.339664,0.416527,0.419144,0.386179,0.345739,0.464178,0.401134,0.406310,0.466312,0.480272,0.389407,0.354531,0.387812,0.432352,0.444940,0.371870,0.398987,0.447333,0.435324,0.457031,0.381779,0.357799,0.425631,0.373863,0.512028,0.392928,0.415860,0.467207,0.412145,0.435152,0.343957,0.423737,0.343585,0.430393,0.462758,0.476028,0.499725,0.419672,0.462681,0.346394,0.386056,0.396545,0.350514,0.454071,0.506454,0.464212,0.415472,0.401340,0.410799,0.424475,0.470704,0.431199,0.502879,0.454291,0.524351,0.342071,0.378533,0.449855,0.371549,0.396197,0.328165,0.420718,0.445027,0.425894,0.420885,0.459979,0.509839,0.383341,0.471514,0.376199,0.356037,0.376280,0.391820,0.389187,0.434425,0.368393,0.431780,0.478071,0.419148,0.436578,0.436950,0.399730,0.473190
148,0.389110,0.417928,0.362112,0.453702,0.476578,0.368871,0.455302,0.510521,0.395792,0.406621,0.432290,0.441638,0.356450,0.324574,0.309028,0.397719,0.492962,0.343140,0.385992,0.433190,0.387507,0.342890,0.479604,0.391625,0.390470,0.458341,0.469499,0.363983,0.357796,0.386907,0.414844,0.414443,0.357276,0.374953,0.464559,0.446183,0.460416,0.366642,0.368744,0.426619,0.381719,0.497751,0.407339,0.412736,0.462111,0.421599,0.429843,0.332498,0.411256,0.362077,0.431433,0.436072,0.447270,0.502985,0.417498,0.464058,0.332155,0.386143,0.393146,0.355933,0.463380,0.526156,0.430104,0.422431,0.382270,0.403854,0.375906,0.464025,0.413640,0.516041,0.459220,0.528317,0.346770,0.384717,0.496126,0.364280,0.417090,0.306484,0.422015,0.456353,0.439117,0.446843,0.463965,0.528646,0.363329,0.487514,0.386409,0.374840,0.371598,0.424370,0.386837,0.407835,0.376664,0.451009,0.455468,0.431207,0.458371,0.427038,0.405413,0.497928
169,0.372556,0.417454,0.354165,0.430879,0.479790,0.383998,0.455701,0.463506,0.393975,0.422112,0.458311,0.470669,0.350620,0.310907,0.306288,0.413413,0.494766,0.356859,0.393415,0.432071,0.379551,0.343479,0.470481,0.400784,0.386590,0.462051,0.498988,0.366021,0.361276,0.391878,0.415627,0.409769,0.335974,0.377810,0.482537,0.467563,0.438651,0.350586,0.323016,0.425349,0.380214,0.499815,0.417182,0.407599,0.421925,0.410248,0.436305,0.340853,0.394450,0.385430,0.418950,0.466226,0.474136,0.513312,0.416694,0.477395,0.335856,0.377466,0.378008,0.349630,0.449543,0.551274,0.420286,0.370150,0.371723,0.378035,0.392360,0.470677,0.406138,0.518150,0.468020,0.549208,0.335006,0.383174,0.514283,0.379851,0.451466,0.311390,0.425234,0.469779,0.447678,0.430727,0.464516,0.533873,0.371514,0.512571,0.409213,0.359238,0.396015,0.439648,0.369154,0.410519,0.381524,0.462677,0.451573,0.435902,0.479021,0.434240,0.429198,0.496331
190,0.395589,0.430179,0.332609,0.455255,0.440013,0.397430,0.415665,0.449392,0.402185,0.417724,0.454521,0.488195,0.337074,0.311363,0.276883,0.416199,0.499776,0.332627,0.377361,0.436939,0.380936,0.380420,0.477596,0.421847,0.375904,0.492367,0.517759,0.320977,0.367007,0.352069,0.415522,0.392516,0.347390,0.397932,0.479384,0.487789,0.440627,0.336604,0.324564,0.455900,0.384856,0.473997,0.414941,0.378621,0.427846,0.405186,0.434367,0.336196,0.389445,0.396557,0.419819,0.449382,0.470599,0.521636,0.431997,0.450231,0.336304,0.339249,0.374364,0.373238,0.418648,0.532285,0.421731,0.361672,0.374480,0.381704,0.412952,0.479268,0.390203,0.538934,0.485036,0.540239,0.331730,0.375089,0.554474,0.384041,0.470190,0.308284,0.416028,0.497268,0.405728,0.447632,0.476127,0.518427,0.372360,0.515199,0.414938,0.356941,0.403571,0.459520,0.358042,0.434141,0.358894,0.445457,0.415048,0.475898,0.477109,0.410750,0.411836,0.489179
211,0.406200,0.426561,0.340498,0.434213,0.439140,0.363659,0.391666,0.443314,0.418919,0.422078,0.457882,0.514658,0.316005,0.299773,0.288454,0.436740,0.457558,0.334633,0.385020,0.437765,0.395746,0.369067,0.492420,0.431469,0.354936,0.475827,0.512727,0.319917,0.380786,0.350517,0.397656,0.377563,0.376495,0.405884,0.448880,0.513605,0.418637,0.318609,0.332577,0.455354,0.358332,0.490805,0.372299,0.390381,0.425620,0.407456,0.418563,0.334820,0.412472,0.377947,0.407998,0.440441,0.433515,0.490406,0.431884,0.470011,0.323148,0.327019,0.372771,0.399545,0.421652,0.531743,0.457001,0.364080,0.388952,0.393305,0.394148,0.489302,0.368847,0.493012,0.501805,0.532428,0.323356,0.386430,0.576886,0.395228,0.476561,0.309604,0.419423,0.457314,0.364890,0.439794,0.489053,0.513307,0.368248,0.519129,0.383411,0.351977,0.399938,0.472440,0.360341,0.426049,0.342616,0.433959,0.400653,0.484104,0.483898,0.409958,0.434160,0.500694
232,0.391575,0.419714,0.315464,0.413995,0.435999,0.337032,0.401315,0.432728,0.400889,0.385044,0.420718,0.562959,0.321722,0.292526,0.266382,0.412176,0.446485,0.326822,0.405207,0.434322,0.403040,0.348885,0.499635,0.446898,0.362175,0.482075,0.528680,0.313297,0.367556,0.346594,0.401436,0.366774,0.376939,0.415138,0.472673,0.540950,0.380412,0.334661,0.323426,0.471643,0.359057,0.522575,0.360527,0.382581,0.422023,0.378414,0.394701,0.339791,0.406108,0.372402,0.399227,0.441914,0.417631,0.453666,0.421939,0.514042,0.323023,0.345409,0.347118,0.394935,0.415660,0.534030,0.460634,0.335462,0.384941,0.404861,0.381200,0.485834,0.361739,0.502153,0.487430,0.518426,0.338949,0.399352,0.592130,0.381715,0.482518,0.294499,0.384860,0.454321,0.364205,0.466521,0.445246,0.514919,0.358928,0.522038,0.400627,0.372468,0.370617,0.482498,0.334228,0.445491,0.353131,0.442014,0.400224,0.484402,0.494960,0.419314,0.441019,0.481697
253,0.378238,0.441956,0.333320,0.427666,0.448434,0.332753,0.374893,0.421901,0.411257,0.370164,0.404175,0.567735,0.322213,0.292621,0.242448,0.422584,0.458002,0.338554,0.405078,0.430720,0.349845,0.323223,0.507812,0.451741,0.356036,0.485018,0.491949,0.319077,0.386742,0.373570,0.378863,0.366482,0.374150,0.400899,0.446018,0.553762,0.381417,0.321447,0.320118,0.466904,0.356859,0.498496,0.336997,0.373424,0.402301,0.358556,0.389171,0.330005,0.400999,0.355994,0.396382,0.431277,0.417013,0.430618,0.431111,0.512442,0.339860,0.329189,0.352886,0.394629,0.405142,0.544575,0.476492,0.344211,0.373467,0.381895,0.395135,0.480727,0.358854,0.520068,0.489357,0.544102,0.324670,0.374875,0.627983,0.380938,0.495277,0.297226,0.364227,0.432291,0.370299,0.453259,0.426658,0.511862,0.351257,0.510093,0.409938,0.375829,0.369312,0.512182,0.351694,0.438226,0.368828,0.439694,0.393975,0.478546,0.495611,0.408590,0.444085,0.425713
274,0.370620,0.429150,0.333050,0.443379,0.475021,0.316934,0.392786,0.394275,0.428382,0.346936,0.351135,0.590085,0.324818,0.296545,0.251513,0.443625,0.448274,0.331738,0.394633,0.430482,0.349390,0.317496,0.493682,0.441526,0.354354,0.498003,0.487486,0.325925,0.368307,0.365015,0.379885,0.389002,0.351101,0.406177,0.414593,0.541008,0.395602,0.319733,0.336587,0.458628,0.358912,0.509308,0.344190,0.391767,0.412531,0.359141,0.389534,0.324169,0.375813,0.360327,0.379575,0.448120,0.413357,0.426592,0.435182,0.514139,0.364763,0.332044,0.362338,0.394978,0.423209,0.585506,0.470709,0.358496,0.349312,0.409965,0.354693,0.463334,0.331422,0.518463,0.497635,0.527087,0.341923,0.352494,0.613285,0.330750,0.503164,0.301918,0.374372,0.400718,0.362894,0.447998,0.447349,0.528921,0.362297,0.520351,0.415725,0.359491,0.363293,0.469531,0.344139,0.423650,0.373695,0.436554,0.394634,0.482230,0.507427,0.353270,0.416382,0.446342
295,0.358008,0.445405,0.314347,0.403852,0.491494,0.338842,0.407772,0.418335,0.459694,0.348058,0.320470,0.600372,0.315283,0.273275,0.261722,0.425840,0.459572,0.346475,0.362717,0.443564,0.355141,0.330942,0.462017,0.446303,0.368079,0.508103,0.479105,0.318022,0.358584,0.354481,0.383766,0.388631,0.386037,0.436854,0.420906,0.537421,0.393708,0.337237,0.337704,0.472026,0.381449,0.518373,0.358120,0.397477,0.426834,0.356633,0.410454,0.330373,0.366421,0.339665,0.374320,0.391244,0.406779,0.460686,0.447433,0.535676,0.384223,0.322259,0.376132,0.391340,0.415529,0.551192,0.463644,0.335280,0.344048,0.417674,0.354038,0.481157,0.324313,0.500284,0.489247,0.548356,0.355419,0.354494,0.646127,0.345417,0.534176,0.304775,0.401442,0.395989,0.366064,0.464932,0.421081,0.560296,0.344489,0.501906,0.414756,0.366125,0.365723,0.478764,0.359803,0.433259,0.377783,0.442904,0.397566,0.463184,0.488532,0.362876,0.423581,0.421712
316,0.356386,0.442132,0.299134,0.398106,0.467321,0.343706,0.431478,0.400631,0.456863,0.340569,0.317158,0.575250,0.317306,0.272987,0.261757,0.413899,0.445092,0.330302,0.367712,0.448711,0.347625,0.330042,0.489607,0.451234,0.367284,0.511559,0.470015,0.332114,0.362802,0.365250,0.377542,0.396614,0.387165,0.452198,0.408447,0.558491,0.414931,0.344528,0.328967,0.489753,0.380573,0.490899,0.329656,0.402259,0.440730,0.345583,0.420538,0.299031,0.387721,0.350434,0.368642,0.397104,0.408402,0.467579,0.471521,0.543288,0.378432,0.338329,0.382522,0.407879,0.417013,0.569187,0.448084,0.350619,0.333572,0.391525,0.361652,0.470916,0.323240,0.516161,0.465779,0.531173,0.358963,0.348921,0.643735,0.345798,0.545861,0.289430,0.413171,0.415921,0.361708,0.490451,0.416416,0.614871,0.350195,0.512037,0.424450,0.376318,0.367959,0.422097,0.382348,0.429872,0.366569,0.451858,0.409459,0.446527,0.482197,0.378706,0.441392,0.429648
337,0.327282,0.443987,0.297709,0.391443,0.474938,0.325927,0.432496,0.353702,0.466916,0.335041,0.344303,0.581889,0.313333,0.286229,0.270456,0.405605,0.460543,0.334734,0.379004,0.460568,0.326667,0.315113,0.495923,0.466320,0.348804,0.501629,0.470160,0.364420,0.354232,0.357035,0.349424,0.365619,0.385620,0.420547,0.374090,0.586824,0.408823,0.317628,0.301405,0.455389,0.370599,0.487349,0.317659,0.417157,0.412510,0.349865,0.401150,0.295031,0.403932,0.350936,0.372996,0.388165,0.369234,0.468949,0.496707,0.532905,0.376808,0.345575,0.402854,0.406131,0.418153,0.562676,0.451499,0.353437,0.347123,0.401540,0.351251,0.465260,0.331615,0.537561,0.475639,0.512501,0.348605,0.370931,0.602842,0.321132,0.533170,0.276877,0.391997,0.430123,0.356096,0.468620,0.425165,0.644164,0.366367,0.557459,0.441485,0.393163,0.355264,0.379387,0.374598,0.432784,0.378440,0.463590,0.415280,0.452485,0.485157,0.386393,0.426931,0.429070
358,0.341738,0.453476,0.316495,0.408248,0.484739,0.331093,0.424121,0.336489,0.455837,0.325231,0.356769,0.591065,0.309316,0.280775,0.273547,0.394686,0.466516,0.342887,0.365974,0.430531,0.325306,0.294847,0.530930,0.441767,0.343944,0.505036,0.477250,0.365347,0.353731,0.363754,0.356485,0.386295,0.390345,0.441546,0.361054,0.584776,0.383983,0.326170,0.316407,0.467561,0.355517,0.480853,0.319421,0.440821,0.410773,0.337946,0.399227,0.308593,0.381240,0.337175,0.390294,0.349303,0.369334,0.491210,0.520269,0.535082,0.381104,0.362219,0.381372,0.428183,0.417971,0.511317,0.441203,0.355761,0.329099,0.376279,0.375079,0.440644,0.359416,0.545981,0.463692,0.493807,0.367859,0.389562,0.612290,0.325868,0.542716,0.247297,0.393589,0.402675,0.360372,0.480066,0.426309,0.635170,0.368545,0.565965,0.450803,0.381779,0.325736,0.372296,0.372914,0.446145,0.369514,0.499908,0.377246,0.467847,0.518199,0.367288,0.379577,0.420920
379,0.357162,0.475950,0.307265,0.385358,0.463098,0.333536,0.421898,0.346690,0.459983,0.320848,0.348226,0.575067,0.314118,0.275078,0.272968,0.344496,0.466355,0.322621,0.378109,0.441114,0.317060,0.284093,0.543834,0.411205,0.351137,0.495170,0.452341,0.345434,0.342456,0.369238,0.371255,0.395338,0.396187,0.441972,0.355943,0.582467,0.378958,0.310294,0.313864,0.468425,0.361555,0.485793,0.331890,0.445795,0.389031,0.342409,0.409895,0.323726,0.379836,0.328965,0.400640,0.332205,0.364503,0.475616,0.554723,0.560920,0.395144,0.340767,0.376511,0.442639,0.427466,0.516980,0.448553,0.337113,0.287766,0.392298,0.365855,0.433819,0.363249,0.523343,0.475118,0.483286,0.378530,0.386519,0.572964,0.322084,0.558562,0.260623,0.383233,0.433407,0.373688,0.460322,0.440454,0.547603,0.345863,0.570943,0.460695,0.335341,0.309067,0.371806,0.395201,0.447669,0.385103,0.516631,0.366478,0.463901,0.476536,0.349108,0.366950,0.405578
400,0.345102,0.449647,0.313167,0.382646,0.458928,0.330016,0.408263,0.341521,0.478117,0.303864,0.340647,0.556430,0.310684,0.282104,0.256165,0.368468,0.474465,0.310064,0.375426,0.425313,0.311931,0.278864,0.540057,0.396144,0.370188,0.502117,0.423442,0.352067,0.324100,0.374535,0.386996,0.397657,0.395736,0.460924,0.342668,0.583877,0.380741,0.311942,0.320881,0.456552,0.365498,0.492766,0.338631,0.433801,0.386988,0.339864,0.366806,0.326331,0.364228,0.346939,0.413654,0.326533,0.368111,0.456169,0.530151,0.561057,0.395448,0.331133,0.332295,0.458992,0.417584,0.532334,0.436742,0.323562,0.291597,0.393799,0.359249,0.449496,0.338981,0.535737,0.465482,0.471479,0.373689,0.376306,0.551193,0.330784,0.569555,0.263140,0.365173,0.446365,0.397767,0.451160,0.453698,0.572538,0.366148,0.571257,0.452300,0.321708,0.325860,0.344178,0.381204,0.456002,0.360806,0.547471,0.358695,0.460417,0.480884,0.360722,0.357251,0.403609
421,0.352097,0.437857,0.297491,0.400549,0.477896,0.329399,0.444849,0.366790,0.471060,0.308499,0.370135,0.560997,0.322154,0.274419,0.236159,0.377357,0.442948,0.286912,0.360473,0.423693,0.310227,0.285780,0.544337,0.384931,0.362179,0.502712,0.452526,0.343978,0.345261,0.383552,0.402773,0.375752,0.394573,0.484238,0.352498,0.590965,0.382194,0.314476,0.341146,0.465262,0.370072,0.504463,0.340388,0.393494,0.394985,0.337196,0.356319,0.303156,0.384159,0.344052,0.412530,0.321767,0.372054,0.467845,0.557306,0.540053,0.391212,0.311076,0.341610,0.471755,0.404057,0.517309,0.405723,0.326003,0.285914,0.394753,0.344628,0.464481,0.339162,0.519336,0.458626,0.459477,0.402415,0.350401,0.515641,0.319276,0.577722,0.275463,0.347130,0.439050,0.390253,0.486041,0.449034,0.601671,0.376937,0.547834,0.455667,0.346826,0.322128,0.339489,0.405127,0.429184,0.365756,0.518577,0.356658,0.465886,0.465605,0.360844,0.360640,0.399300
442,0.372590,0.444100,0.288122,0.370028,0.445493,0.327308,0.402467,0.341743,0.437453,0.330217,0.349954,0.561249,0.301604,0.257307,0.229536,0.377777,0.466762,0.288708,0.361225,0.440461,0.308923,0.287632,0.585874,0.400107,0.335723,0.538157,0.460879,0.347854,0.345881,0.361260,0.417524,0.351747,0.406068,0.465752,0.356557,0.591723,0.392786,0.335326,0.331164,0.467077,0.371155,0.485684,0.337122,0.421370,0.374755,0.347584,0.373796,0.292336,0.380269,0.351192,0.424296,0.315458,0.361366,0.479416,0.545908,0.525584,0.357135,0.307940,0.340533,0.444999,0.413598,0.530399,0.425911,0.330779,0.287628,0.391022,0.359991,0.476288,0.350481,0.530928,0.427021,0.465937,0.402592,0.342357,0.491989,0.331296,0.596196,0.268420,0.380669,0.419703,0.403624,0.478893,0.448201,0.608080,0.395297,0.526960,0.471728,0.359028,0.301142,0.323707,0.363413,0.441023,0.372357,0.505523,0.374471,0.437226,0.499731,0.343359,0.356098,0.400488
463,0.377254,0.428164,0.288795,0.386105,0.461117,0.311677,0.408295,0.330013,0.417465,0.324765,0.353662,0.593999,0.300317,0.248244,0.233260,0.375072,0.479834,0.286059,0.364194,0.465111,0.312293,0.286915,0.613626,0.409470,0.344861,0.551340,0.461101,0.350175,0.351157,0.364688,0.407005,0.357659,0.428295,0.450120,0.335862,0.635502,0.410556,0.327620,0.331708,0.469063,0.385393,0.497864,0.318581,0.422329,0.371016,0.328587,0.379108,0.307696,0.349789,0.352233,0.449255,0.272647,0.375154,0.474149,0.539394,0.528610,0.329455,0.300591,0.376654,0.471732,0.428294,0.527344,0.408233,0.334800,0.298072,0.384088,0.342659,0.451557,0.349497,0.476064,0.409533,0.480766,0.415597,0.330888,0.490911,0.333955,0.556763,0.262930,0.383067,0.425373,0.392961,0.496553,0.448374,0.570142,0.383332,0.484326,0.461496,0.345970,0.314337,0.299642,0.340715,0.443367,0.373508,0.513289,0.372196,0.451061,0.497319,0.347723,0.361952,0.395237
484,0.394115,0.425400,0.285084,0.393634,0.452203,0.314063,0.414115,0.345424,0.423081,0.320863,0.360635,0.585300,0.308945,0.246488,0.213119,0.375159,0.493276,0.297128,0.377776,0.471168,0.331550,0.272488,0.576107,0.401807,0.340271,0.587032,0.457459,0.342433,0.340659,0.351570,0.383723,0.355298,0.424630,0.479928,0.326722,0.659071,0.426951,0.339077,0.326620,0.495177,0.361490,0.508877,0.307217,0.362211,0.360175,0.307390,0.371315,0.297914,0.369366,0.338826,0.411527,0.283139,0.383507,0.468559,0.548300,0.487264,0.332157,0.309347,0.405956,0.471641,0.423098,0.535680,0.401652,0.294984,0.314218,0.380095,0.342161,0.469009,0.365830,0.458156,0.376842,0.502189,0.429477,0.328305,0.511367,0.346942,0.581631,0.284585,0.379828,0.415910,0.402593,0.531404,0.437876,0.559780,0.391924,0.481428,0.484506,0.359259,0.312336,0.310162,0.334051,0.423191,0.362436,0.499994,0.394816,0.426254,0.489259,0.366545,0.369708,0.373113
505,0.397180,0.402234,0.292651,0.405178,0.462804,0.303832,0.422444,0.339606,0.430483,0.328605,0.367037,0.561567,0.288903,0.251489,0.206765,0.376938,0.511981,0.293461,0.365803,0.491515,0.305634,0.251149,0.543821,0.393190,0.337932,0.562322,0.470007,0.351430,0.351489,0.370316,0.372763,0.352107,0.403671,0.481922,0.324912,0.674545,0.454107,0.313515,0.308719,0.465618,0.342348,0.505059,0.299761,0.342037,0.383304,0.310957,0.363951,0.301599,0.344902,0.318692,0.422202,0.291333,0.382441,0.497682,0.585479,0.533178,0.323195,0.311016,0.423751,0.450149,0.420359,0.530751,0.400311,0.278433,0.314407,0.397055,0.348119,0.433847,0.326576,0.474501,0.390304,0.490359,0.428539,0.343179,0.472667,0.336663,0.577536,0.265876,0.386113,0.434785,0.393651,0.539345,0.465989,0.531991,0.426682,0.500327,0.501436,0.345523,0.317886,0.314350,0.338986,0.412760,0.352815,0.491388,0.409490,0.420987,0.466837,0.359336,0.354448,0.386611
526,0.353958,0.405799,0.302212,0.408233,0.476891,0.301869,0.412371,0.325007,0.425771,0.365106,0.375963,0.581073,0.276546,0.245650,0.202734,0.382157,0.528370,0.300432,0.368719,0.475990,0.315283,0.238116,0.563819,0.381117,0.340029,0.596702,0.488610,0.368522,0.359171,0.335827,0.359088,0.331138,0.396495,0.467134,0.344439,0.668908,0.468978,0.310993,0.303658,0.475761,0.350431,0.515288,0.270344,0.351385,0.390730,0.286906,0.370049,0.299046,0.328570,0.308404,0.438048,0.292047,0.376418,0.488907,0.566454,0.513261,0.317482,0.312304,0.371965,0.394354,0.398673,0.510521,0.407673,0.251370,0.321596,0.420495,0.345458,0.448383,0.334321,0.471544,0.339910,0.444551,0.446497,0.358951,0.473613,0.318763,0.613268,0.245581,0.380386,0.411901,0.421230,0.543047,0.431455,0.510453,0.455090,0.465885,0.447494,0.352654,0.324844,0.305068,0.325951,0.434980,0.345811,0.499380,0.417453,0.425172,0.464037,0.359578,0.372746,0.391408
547,0.370887,0.422899,0.307646,0.400530,0.484778,0.294741,0.364468,0.305395,0.423684,0.370047,0.389389,0.544603,0.262360,0.209350,0.199898,0.394595,0.498621,0.308445,0.384478,0.438884,0.296150,0.237085,0.577431,0.387202,0.316188,0.593245,0.495228,0.387007,0.367651,0.341443,0.384466,0.333042,0.382313,0.485042,0.338817,0.705429,0.451930,0.294449,0.295324,0.478983,0.338390,0.490862,0.286702,0.379176,0.429853,0.269683,0.364025,0.299247,0.348231,0.314745,0.438787,0.280124,0.405592,0.500558,0.622002,0.442204,0.319129,0.328651,0.405576,0.401281,0.401324,0.498843,0.407200,0.263659,0.307813,0.439479,0.348512,0.413320,0.352312,0.473164,0.333228,0.447122,0.476999,0.354274,0.489338,0.310589,0.612176,0.252199,0.404209,0.390374,0.428988,0.565244,0.425749,0.538244,0.463212,0.460731,0.418382,0.356013,0.309614,0.312574,0.341192,0.437894,0.373242,0.498829,0.409683,0.429448,0.432372,0.354304,0.358465,0.367447
568,0.368868,0.404246,0.292205,0.387932,0.490678,0.313280,0.360104,0.309252,0.442917,0.369989,0.382659,0.563585,0.273552,0.213846,0.177652,0.384761,0.501472,0.323454,0.394355,0.412169,0.279815,0.243815,0.581159,0.398955,0.325333,0.589404,0.438515,0.397198,0.351474,0.334376,0.362354,0.316797,0.379477,0.474985,0.342296,0.762789,0.458600,0.275079,0.295692,0.480860,0.339713,0.494021,0.280562,0.387411,0.440307,0.286847,0.378080,0.316935,0.355114,0.328149,0.408099,0.289527,0.419209,0.502633,0.616317,0.437920,0.305751,0.325327,0.394189,0.399917,0.384129,0.471594,0.415506,0.246380,0.307870,0.461171,0.368455,0.435912,0.339734,0.470069,0.347967,0.435356,0.477091,0.366385,0.477735,0.268453,0.610860,0.250746,0.411483,0.394435,0.424009,0.574467,0.419028,0.564841,0.444625,0.468182,0.437853,0.360061,0.299858,0.308833,0.317196,0.460446,0.365429,0.515328,0.433448,0.415970,0.454346,0.332570,0.378209,0.372943
589,0.317272,0.417284,0.297901,0.381225,0.503780,0.285550,0.328497,0.310427,0.451262,0.385899,0.356216,0.569892,0.286554,0.197735,0.175453,0.363193,0.504890,0.346846,0.406702,0.428111,0.275614,0.254730,0.597364,0.400075,0.307816,0.632182,0.440567,0.384987,0.352082,0.344209,0.357894,0.327426,0.378691,0.462469,0.353368,0.754719,0.461758,0.274205,0.300490,0.477677,0.315399,0.495458,0.283147,0.392547,0.460004,0.276158,0.375004,0.290734,0.366463,0.324058,0.412602,0.292666,0.407280,0.475491,0.625802,0.468719,0.296147,0.318981,0.388473,0.410073,0.389092,0.484344,0.412854,0.248393,0.297122,0.464863,0.350964,0.438707,0.328280,0.484041,0.343813,0.401915,0.461156,0.375878,0.504080,0.277485,0.660232,0.253701,0.413247,0.380894,0.444160,0.584121,0.408185,0.537747,0.402800,0.462536,0.401098,0.357515,0.287664,0.316349,0.333554,0.457430,0.363502,0.522489,0.402660,0.398423,0.459017,0.336274,0.365593,0.394337
610,0.330441,0.406934,0.255377,0.404239,0.505463,0.289236,0.347580,0.314490,0.433358,0.403549,0.351413,0.577428,0.294762,0.178566,0.177534,0.369094,0.519828,0.331858,0.414475,0.430500,0.275143,0.243087,0.573885,0.366131,0.293870,0.567121,0.475402,0.376520,0.363555,0.347113,0.356060,0.326769,0.344991,0.420119,0.362562,0.716914,0.461054,0.282114,0.320427,0.485179,0.322397,0.470866,0.279867,0.369279,0.460079,0.283956,0.345776,0.300319,0.366452,0.322261,0.429536,0.287813,0.422331,0.481674,0.659640,0.424798,0.289860,0.335151,0.389102,0.431297,0.382212,0.487302,0.421574,0.242642,0.305480,0.431425,0.365590,0.447287,0.355768,0.480231,0.344177,0.399352,0.482489,0.383432,0.554242,0.273915,0.684019,0.257976,0.417024,0.356026,0.457930,0.569209,0.416698,0.513310,0.376327,0.471228,0.352474,0.382358,0.283013,0.299263,0.306790,0.475586,0.365081,0.538461,0.416731,0.412570,0.454957,0.352151,0.356943,0.415987
631,0.330161,0.386669,0.253554,0.376984,0.515778,0.303590,0.354104,0.312080,0.458695,0.413312,0.330312,0.499602,0.296152,0.182630,0.171734,0.339526,0.478644,0.305692,0.400987,0.433544,0.273871,0.233553,0.576808,0.379040,0.289922,0.593670,0.450104,0.358311,0.379926,0.341901,0.349124,0.341681,0.339682,0.422836,0.363403,0.713699,0.474451,0.283389,0.336538,0.481451,0.311861,0.479845,0.288270,0.347156,0.476612,0.283941,0.331669,0.281878,0.368378,0.346031,0.435656,0.296015,0.389931,0.511234,0.628024,0.428021,0.298425,0.345805,0.395184,0.447063,0.360592,0.506510,0.434611,0.251905,0.321296,0.434276,0.364758,0.444407,0.358348,0.486697,0.314214,0.426026,0.478254,0.379180,0.545596,0.258778,0.665439,0.279492,0.404075,0.351214,0.447801,0.562431,0.384242,0.532795,0.362367,0.489321,0.368594,0.388899,0.297265,0.304848,0.320068,0.435512,0.379012,0.516475,0.395968,0.423040,0.446154,0.356060,0.350853,0.395187
652,0.336949,0.372926,0.253147,0.406766,0.538880,0.309595,0.353520,0.304346,0.467096,0.423982,0.321060,0.512764,0.300979,0.177092,0.168815,0.361037,0.501816,0.292466,0.405147,0.430518,0.238003,0.245001,0.576510,0.380184,0.308264,0.589916,0.436588,0.379179,0.391473,0.328324,0.356403,0.362138,0.335442,0.451011,0.395286,0.717184,0.456185,0.282897,0.348709,0.462783,0.329647,0.499042,0.265480,0.331135,0.435815,0.284307,0.343217,0.296189,0.337626,0.339657,0.430644,0.302786,0.391201,0.503812,0.650134,0.428227,0.314844,0.355476,0.371317,0.431347,0.365758,0.503520,0.442322,0.251697,0.313459,0.442843,0.388065,0.450389,0.332846,0.498327,0.315783,0.411986,0.483825,0.351842,0.548179,0.247375,0.646225,0.297671,0.403743,0.364867,0.456668,0.556734,0.395067,0.518890,0.375643,0.485434,0.358898,0.378247,0.305757,0.263055,0.340850,0.444519,0.398032,0.526246,0.407077,0.404151,0.436951,0.371524,0.352947,0.389694
673,0.344573,0.342130,0.266936,0.389987,0.498095,0.319696,0.351726,0.313222,0.452412,0.441022,0.326161,0.495345,0.291717,0.171153,0.179380,0.371397,0.498229,0.273392,0.425276,0.430634,0.234031,0.248918,0.529220,0.364325,0.303521,0.566682,0.451627,0.333936,0.389774,0.340236,0.389707,0.368828,0.338793,0.414494,0.399438,0.696466,0.476949,0.300375,0.350197,0.407534,0.329941,0.507635,0.261676,0.340190,0.439769,0.282569,0.354950,0.266557,0.336205,0.340839,0.412072,0.280908,0.419360,0.503024,0.671561,0.437058,0.303410,0.348975,0.341766,0.432226,0.367557,0.512757,0.422103,0.252085,0.294955,0.440137,0.404729,0.434371,0.333846,0.534034,0.327782,0.409284,0.453876,0.370024,0.546515,0.237303,0.627169,0.298834,0.392851,0.361496,0.427338,0.572980,0.393499,0.523241,0.385407,0.512867,0.345220,0.373251,0.311961,0.257813,0.348355,0.380010,0.406817,0.537417,0.437908,0.365878,0.425109,0.396979,0.350368,0.407548
694,0.360418,0.344617,0.267535,0.359497,0.480513,0.336402,0.328347,0.331700,0.456240,0.456891,0.320309,0.497584,0.293046,0.162290,0.168262,0.380719,0.495876,0.283595,0.451920,0.392265,0.217454,0.245101,0.539132,0.373392,0.312917,0.552022,0.431772,0.336705,0.383674,0.322903,0.401624,0.352792,0.326249,0.425047,0.413592,0.674373,0.466482,0.306102,0.365075,0.412244,0.334501,0.507868,0.263569,0.348162,0.438962,0.283075,0.359763,0.251229,0.346048,0.349963,0.393265,0.279132,0.399403,0.520558,0.629982,0.449119,0.291540,0.364862,0.355396,0.439262,0.336059,0.533677,0.419599,0.258528,0.316650,0.461604,0.423185,0.428579,0.324869,0.528050,0.347179,0.408111,0.490268,0.379431,0.523000,0.249860,0.595267,0.301412,0.402280,0.362099,0.391932,0.575343,0.337175,0.526577,0.386008,0.492017,0.361112,0.369879,0.318094,0.245388,0.354791,0.387008,0.375361,0.577096,0.482619,0.352338,0.381612,0.415595,0.357747,0.430245
715,0.371405,0.320251,0.271707,0.378638,0.464592,0.324150,0.335159,0.313269,0.427136,0.459989,0.315483,0.513649,0.296094,0.167830,0.161746,0.373078,0.490997,0.272540,0.457864,0.388117,0.211769,0.222791,0.525963,0.350481,0.319697,0.583806,0.379451,0.341140,0.382661,0.308103,0.382053,0.354867,0.328947,0.422872,0.432141,0.693171,0.459525,0.324133,0.366247,0.424870,0.341361,0.510681,0.276658,0.359820,0.459167,0.289909,0.384280,0.250309,0.360466,0.334929,0.365507,0.288758,0.374589,0.551103,0.640880,0.467224,0.304420,0.372320,0.354026,0.454171,0.335555,0.546016,0.402755,0.255214,0.319781,0.458751,0.425464,0.401018,0.312119,0.546876,0.347694,0.411391,0.505561,0.384077,0.559435,0.248949,0.610839,0.309708,0.409253,0.354907,0.411291,0.570816,0.337111,0.533614,0.347457,0.493136,0.345704,0.363284,0.306814,0.261051,0.388414,0.377886,0.381686,0.596048,0.487030,0.367175,0.370296,0.396432,0.359924,0.430897
736,0.404596,0.331250,0.263168,0.376644,0.471815,0.317529,0.330113,0.332556,0.410974,0.459103,0.321989,0.499907,0.307683,0.157471,0.157118,0.365522,0.499974,0.276030,0.470235,0.377786,0.217152,0.235726,0.517960,0.354662,0.308902,0.534193,0.387692,0.350081,0.403071,0.308183,0.403111,0.382032,0.315627,0.444262,0.434826,0.673383,0.444783,0.333015,0.374931,0.428384,0.348625,0.511557,0.265840,0.339977,0.455584,0.286227,0.366957,0.253560,0.374061,0.296990,0.345922,0.293417,0.359287,0.524052,0.668583,0.445696,0.291927,0.328338,0.374089,0.478190,0.339902,0.546107,0.371910,0.246035,0.304231,0.481667,0.448800,0.401821,0.311527,0.534766,0.355506,0.425927,0.493362,0.378894,0.569252,0.236302,0.607868,0.278979,0.392124,0.337303,0.406584,0.566150,0.348659,0.494412,0.332469,0.497914,0.346148,0.370664,0.308391,0.263371,0.370226,0.365251,0.402525,0.604415,0.493709,0.353326,0.384845,0.411647,0.350016,0.451059
757,0.390656,0.331175,0.244746,0.365280,0.465044,0.306723,0.333660,0.336769,0.380083,0.477005,0.304296,0.542951,0.297266,0.154340,0.154500,0.373555,0.496952,0.277911,0.479699,0.374772,0.224063,0.243937,0.557938,0.308620,0.297052,0.522006,0.389055,0.341654,0.388896,0.321013,0.423403,0.387497,0.311647,0.436789,0.441115,0.635012,0.423298,0.326389,0.355189,0.441322,0.340118,0.508114,0.251382,0.317074,0.463312,0.303991,0.361595,0.255766,0.357982,0.298253,0.350898,0.296208,0.364027,0.537814,0.675567,0.448044,0.284916,0.345739,0.354703,0.464468,0.346222,0.585130,0.369298,0.231984,0.324800,0.503767,0.451891,0.411263,0.317924,0.536022,0.346217,0.438562,0.436584,0.369584,0.568545,0.227963,0.587410,0.280732,0.423643,0.325286,0.402129,0.576486,0.380349,0.511971,0.347125,0.472190,0.352931,0.382067,0.286007,0.259256,0.376141,0.378644,0.425451,0.593077,0.470507,0.358280,0.390293,0.425028,0.330875,0.452408
778,0.397102,0.343393,0.237487,0.380123,0.467353,0.316748,0.325547,0.331818,0.380719,0.483517,0.327424,0.559448,0.288830,0.148686,0.155864,0.373520,0.482945,0.281202,0.482031,0.371439,0.208446,0.265498,0.580341,0.312967,0.297943,0.529409,0.367937,0.340382,0.399838,0.328813,0.426092,0.359571,0.313691,0.459704,0.448600,0.639464,0.409014,0.317570,0.349027,0.447010,0.376283,0.463631,0.240201,0.325864,0.487278,0.284323,0.350512,0.255338,0.343801,0.300089,0.320616,0.296261,0.350460,0.476933,0.647883,0.432782,0.281470,0.339993,0.378125,0.482499,0.345381,0.626382,0.382248,0.239877,0.316267,0.489794,0.433814,0.402359,0.279610,0.528464,0.356337,0.439945,0.463054,0.377945,0.559117,0.225264,0.617989,0.302182,0.453306,0.326789,0.402822,0.582825,0.388319,0.515337,0.358279,0.468927,0.347460,0.387395,0.299273,0.273767,0.384853,0.361242,0.403462,0.578895,0.466263,0.346113,0.392523,0.433625,0.336984,0.443121
799,0.371827,0.336384,0.240202,0.362286,0.396228,0.319373,0.324905,0.336716,0.365127,0.461713,0.323471,0.580646,0.280039,0.140814,0.155782,0.367920,0.461636,0.268924,0.497305,0.415947,0.184992,0.273240,0.601054,0.307994,0.286207,0.487568,0.369091,0.341003,0.394793,0.326049,0.415745,0.360064,0.325482,0.466808,0.447685,0.596415,0.434851,0.299069,0.335298,0.471919,0.380309,0.506786,0.250789,0.326580,0.464758,0.297496,0.350070,0.231045,0.355551,0.307253,0.318441,0.305893,0.345996,0.480176,0.665832,0.434306,0.279979,0.330373,0.390053,0.479177,0.368148,0.634676,0.390607,0.221143,0.318340,0.506364,0.422576,0.405177,0.297916,0.515200,0.329951,0.419719,0.464752,0.384977,0.523171,0.225807,0.567868,0.285640,0.463873,0.318855,0.399359,0.601887,0.400533,0.535129,0.340246,0.430597,0.354703,0.382525,0.290315,0.284746,0.363886,0.394513,0.420661,0.609767,0.481740,0.343748,0.402764,0.402752,0.344540,0.457302
820,0.373539,0.340014,0.237990,0.372792,0.376571,0.338176,0.341043,0.335974,0.368833,0.482889,0.304967,0.577765,0.278290,0.130861,0.154797,0.370382,0.485434,0.270378,0.492920,0.418159,0.184188,0.273508,0.570183,0.323091,0.282064,0.492535,0.367795,0.334910,0.414708,0.354961,0.431616,0.363174,0.309337,0.459165,0.444408,0.616896,0.438156,0.277895,0.337731,0.459639,0.372817,0.496295,0.240355,0.305039,0.451202,0.292675,0.349538,0.233206,0.370929,0.317339,0.328297,0.318086,0.337628,0.475613,0.683127,0.436689,0.275877,0.339676,0.400468,0.472280,0.372268,0.631439,0.390854,0.223369,0.316861,0.509128,0.407726,0.418336,0.301630,0.514458,0.330610,0.382498,0.446058,0.380622,0.512666,0.212406,0.563213,0.286808,0.457954,0.301147,0.407439,0.645630,0.419517,0.458210,0.321315,0.441245,0.352105,0.361611,0.286245,0.277475,0.362618,0.402154,0.416010,0.631064,0.471523,0.358093,0.379262,0.428353,0.336159,0.468360
841,0.388155,0.366254,0.203048,0.387851,0.381842,0.368568,0.364996,0.323606,0.374744,0.454017,0.306761,0.584293,0.275252,0.129444,0.157400,0.357643,0.522255,0.280013,0.497247,0.406328,0.182364,0.256230,0.527170,0.320126,0.292579,0.467617,0.369969,0.353398,0.403659,0.339723,0.446555,0.357400,0.324284,0.456639,0.423714,0.623432,0.461142,0.282091,0.329820,0.431936,0.348115,0.497361,0.253266,0.311569,0.457655,0.301454,0.369003,0.231455,0.364737,0.316701,0.330017,0.304588,0.336264,0.465516,0.688750,0.443825,0.279469,0.361860,0.399605,0.471131,0.356232,0.631364,0.378645,0.230822,0.315019,0.516402,0.397651,0.423011,0.297073,0.510290,0.338619,0.388717,0.421065,0.366663,0.534053,0.207897,0.554962,0.302282,0.442366,0.284248,0.407787,0.661474,0.425852,0.492851,0.336353,0.436641,0.367073,0.379485,0.296649,0.293177,0.366268,0.392698,0.434256,0.632520,0.467654,0.328627,0.381205,0.418501,0.331257,0.466238
862,0.396591,0.348076,0.209197,0.390689,0.380418,0.377690,0.369126,0.328032,0.369950,0.462299,0.303660,0.556160,0.278855,0.123473,0.161035,0.365740,0.501525,0.267692,0.452809,0.417999,0.175634,0.261198,0.508343,0.342683,0.285268,0.465995,0.353860,0.335260,0.387601,0.332739,0.434492,0.376383,0.311242,0.426747,0.395075,0.643757,0.428046,0.270295,0.318988,0.426654,0.333927,0.508236,0.234871,0.305300,0.450856,0.317101,0.345886,0.245936,0.367185,0.309748,0.330378,0.277252,0.322678,0.481071,0.660548,0.428426,0.269272,0.373079,0.375055,0.473834,0.359534,0.644154,0.380069,0.222389,0.338330,0.533621,0.409476,0.413854,0.308381,0.482352,0.347329,0.390148,0.412428,0.373473,0.547467,0.212625,0.567239,0.276818,0.437510,0.304778,0.395348,0.668920,0.406063,0.491232,0.342733,0.456002,0.352625,0.386179,0.300286,0.297539,0.355727,0.405134,0.429981,0.586044,0.487690,0.325611,0.349389,0.438524,0.330592,0.488849
883,0.408213,0.357394,0.199434,0.394138,0.371443,0.376472,0.353566,0.341859,0.381504,0.425493,0.295991,0.573150,0.290262,0.116451,0.162934,0.375584,0.497182,0.271533,0.439736,0.430398,0.167053,0.253912,0.500595,0.345972,0.262394,0.487188,0.347669,0.336011,0.407632,0.331078,0.415230,0.387067,0.322809,0.401523,0.410377,0.640212,0.419865,0.271622,0.305804,0.437329,0.307967,0.480969,0.221343,0.281579,0.428180,0.300902,0.345186,0.243309,0.346947,0.310460,0.335454,0.290217,0.338378,0.505573,0.702444,0.433915,0.273834,0.391246,0.378120,0.460236,0.368296,0.638430,0.385271,0.208524,0.357097,0.552810,0.399793,0.376686,0.319864,0.449684,0.341624,0.360927,0.358689,0.379772,0.536622,0.207887,0.582663,0.276544,0.393367,0.296892,0.351942,0.642829,0.408695,0.484894,0.334310,0.411667,0.365611,0.387560,0.301321,0.301013,0.382381,0.421596,0.407944,0.551726,0.443755,0.304879,0.334892,0.429471,0.320273,0.454998
904,0.429278,0.323636,0.202129,0.425869,0.362260,0.366437,0.349600,0.338538,0.411760,0.402691,0.295754,0.604219,0.304836,0.124534,0.166843,0.362983,0.474689,0.275622,0.419730,0.436566,0.175730,0.264323,0.503983,0.359862,0.258988,0.473326,0.322340,0.353152,0.379115,0.314395,0.388304,0.382689,0.324148,0.372584,0.413558,0.680440,0.407974,0.264685,0.298753,0.437892,0.298312,0.505543,0.214106,0.271097,0.387762,0.324196,0.353247,0.232792,0.305617,0.280482,0.340204,0.274453,0.350226,0.496018,0.649383,0.418249,0.274437,0.396337,0.356938,0.459934,0.369948,0.668184,0.357326,0.211250,0.332834,0.571817,0.373633,0.389650,0.316503,0.435367,0.307714,0.390618,0.377499,0.370670,0.513571,0.214774,0.594711,0.270062,0.409804,0.305123,0.345907,0.595820,0.407709,0.467651,0.335042,0.381879,0.347038,0.406424,0.302947,0.270258,0.386546,0.405713,0.381718,0.579817,0.433020,0.319699,0.324844,0.401440,0.300837,0.464794
925,0.438222,0.318816,0.216504,0.449698,0.356080,0.370349,0.320981,0.343392,0.376226,0.405494,0.298172,0.635890,0.308493,0.120245,0.164730,0.374726,0.503604,0.289053,0.432252,0.434808,0.173368,0.269157,0.536890,0.368273,0.240244,0.466991,0.322232,0.371888,0.365590,0.312121,0.382329,0.386550,0.284238,0.374101,0.399922,0.681555,0.406541,0.260326,0.278601,0.404351,0.307156,0.478246,0.214608,0.276675,0.374486,0.328112,0.338394,0.234167,0.302211,0.239455,0.346045,0.273790,0.367415,0.483137,0.635631,0.396387,0.265518,0.398043,0.370453,0.490503,0.359590,0.705499,0.371751,0.211954,0.341938,0.536573,0.374310,0.391635,0.319309,0.445740,0.297347,0.371675,0.366346,0.377788,0.520952,0.213700,0.644046,0.273748,0.410330,0.325091,0.350024,0.597005,0.433793,0.475298,0.320199,0.382524,0.332781,0.431935,0.322276,0.258083,0.362368,0.418513,0.358521,0.584639,0.425947,0.321184,0.320355,0.406010,0.279297,0.399586
946,0.434456,0.302282,0.219489,0.449777,0.360459,0.391225,0.344889,0.343027,0.377721,0.415878,0.284181,0.673747,0.293137,0.123952,0.163367,0.389851,0.510399,0.302462,0.422010,0.439461,0.171355,0.267761,0.558711,0.371659,0.246416,0.465481,0.293268,0.357379,0.381540,0.316840,0.391184,0.393192,0.260322,0.355614,0.409590,0.656275,0.406504,0.249097,0.271504,0.420583,0.314966,0.480296,0.209992,0.279090,0.379466,0.329314,0.353179,0.226642,0.300361,0.242604,0.368667,0.279731,0.371278,0.494967,0.667291,0.426188,0.248111,0.377285,0.370502,0.503639,0.351723,0.730227,0.382300,0.210904,0.344038,0.565216,0.346047,0.418446,0.300042,0.445286,0.292391,0.348817,0.342389,0.395223,0.509251,0.211777,0.672639,0.276221,0.409680,0.321539,0.340709,0.633556,0.449003,0.462152,0.302249,0.418839,0.332717,0.394933,0.319996,0.259706,0.372615,0.430507,0.369168,0.591531,0.419055,0.278816,0.343358,0.394000,0.279309,0.416182
967,0.413072,0.277103,0.209250,0.464048,0.360580,0.389825,0.365338,0.348754,0.407907,0.424924,0.290985,0.631464,0.261897,0.124188,0.156972,0.369553,0.528490,0.271488,0.405407,0.470172,0.169687,0.264862,0.487192,0.346571,0.260006,0.482458,0.305631,0.381667,0.329326,0.319621,0.388512,0.397346,0.274515,0.359420,0.380369,0.645046,0.393606,0.253642,0.242583,0.419999,0.315159,0.446976,0.212591,0.266408,0.375100,0.341960,0.350238,0.220070,0.309088,0.242639,0.357785,0.254735,0.370458,0.460537,0.693126,0.419403,0.251557,0.368264,0.387777,0.490554,0.348375,0.766246,0.386086,0.222007,0.353089,0.538851,0.375239,0.421766,0.309342,0.459874,0.308469,0.330940,0.338259,0.391928,0.482626,0.223301,0.698439,0.259802,0.401174,0.306972,0.346691,0.668193,0.430111,0.440025,0.305509,0.415872,0.329143,0.434124,0.305163,0.263767,0.375894,0.425817,0.393001,0.570358,0.409522,0.248694,0.330025,0.379775,0.264608,0.438998
988,0.412091,0.246770,0.206383,0.449813,0.355633,0.400430,0.351325,0.357394,0.408196,0.437866,0.288547,0.618309,0.264548,0.125939,0.157257,0.349727,0.536943,0.279952,0.405863,0.478555,0.175555,0.277403,0.464605,0.346924,0.260663,0.487066,0.295240,0.387803,0.347907,0.328934,0.390904,0.411019,0.281611,0.357731,0.363737,0.649948,0.421374,0.239981,0.251872,0.454695,0.304331,0.449937,0.195733,0.252402,0.380436,0.353006,0.351174,0.223857,0.308723,0.244446,0.366742,0.272527,0.365104,0.436409,0.733412,0.446462,0.252554,0.385861,0.418984,0.519399,0.384040,0.772050,0.405259,0.219882,0.353274,0.497997,0.388830,0.435813,0.295278,0.466554,0.296477,0.325530,0.351510,0.397543,0.477728,0.234716,0.722304,0.276469,0.390146,0.298678,0.344337,0.673967,0.446020,0.466343,0.284095,0.408983,0.349066,0.419866,0.282494,0.273983,0.361162,0.391879,0.397601,0.583464,0.418554,0.241874,0.335853,0.384362,0.277824,0.423161
1009,0.424660,0.233638,0.214352,0.435431,0.366329,0.403311,0.350942,0.356391,0.405450,0.413018,0.310904,0.617958,0.257515,0.127825,0.170095,0.371966,0.557361,0.306187,0.435269,0.484851,0.176657,0.285831,0.482237,0.358089,0.240181,0.507818,0.298317,0.400862,0.335185,0.316593,0.387744,0.405338,0.282869,0.377118,0.335856,0.648786,0.400406,0.242103,0.266239,0.435875,0.308709,0.427723,0.203243,0.236903,0.363888,0.351023,0.360417,0.220374,0.307673,0.215282,0.358193,0.265296,0.349450,0.431959,0.756982,0.453727,0.264823,0.392886,0.414410,0.527710,0.399492,0.822489,0.397844,0.217539,0.348305,0.473486,0.362194,0.437035,0.302724,0.489396,0.316469,0.312855,0.350307,0.393280,0.503856,0.226323,0.704986,0.290891,0.403966,0.278201,0.325110,0.623095,0.441070,0.445441,0.298088,0.380106,0.362650,0.430929,0.289268,0.269762,0.374892,0.383724,0.404437,0.565767,0.429601,0.253391,0.345153,0.379610,0.262889,0.428340
1030,0.437114,0.243980,0.212996,0.441734,0.367016,0.407521,0.349475,0.361540,0.397578,0.398388,0.309682,0.610615,0.274957,0.135724,0.152391,0.378271,0.538510,0.316757,0.446265,0.448872,0.176507,0.296571,0.503905,0.346665,0.219815,0.513635,0.318772,0.404676,0.331327,0.321679,0.395974,0.371718,0.267114,0.361208,0.330316,0.655191,0.424386,0.231752,0.247447,0.437804,0.293577,0.440815,0.203588,0.237192,0.385437,0.360660,0.331603,0.234770,0.320530,0.224341,0.376602,0.287771,0.298824,0.422711,0.759420,0.408925,0.239490,0.380367,0.424055,0.511141,0.406157,0.809563,0.378476,0.218157,0.372039,0.446535,0.385593,0.427534,0.305578,0.482816,0.319018,0.284525,0.360677,0.376615,0.474595,0.219707,0.694406,0.282293,0.365269,0.286850,0.334573,0.597897,0.400178,0.457326,0.307563,0.376439,0.360640,0.436697,0.297090,0.283852,0.375815,0.362031,0.423934,0.550321,0.439997,0.250482,0.340038,0.388864,0.247048,0.423587
1051,0.405705,0.256019,0.194674,0.444547,0.354245,0.419640,0.317738,0.350565,0.411956,0.385306,0.323923,0.613825,0.285065,0.128401,0.147304,0.386056,0.519898,0.299543,0.437397,0.445735,0.168736,0.301246,0.508591,0.321824,0.213305,0.477971,0.303532,0.415808,0.315407,0.336282,0.398639,0.369408,0.269216,0.381743,0.289141,0.667769,0.451635,0.226219,0.247481,0.439470,0.308589,0.388804,0.205026,0.224319,0.372456,0.342567,0.350710,0.237566,0.298291,0.224172,0.381253,0.305752,0.312636,0.393932,0.795887,0.346207,0.243490,0.387566,0.392714,0.520687,0.398513,0.848251,0.385468,0.211221,0.330774,0.444739,0.362570,0.405957,0.307413,0.533357,0.314182,0.299535,0.351002,0.376888,0.437080,0.215829,0.664860,0.284486,0.346030,0.286138,0.364329,0.601675,0.379395,0.471893,0.307968,0.396568,0.352682,0.442567,0.282689,0.281760,0.393734,0.358289,0.422446,0.521823,0.444898,0.241424,0.335105,0.366029,0.252589,0.403539
1072,0.418983,0.264061,0.186004,0.435121,0.334452,0.433823,0.318951,0.347413,0.417685,0.363116,0.326571,0.634613,0.270491,0.132540,0.140064,0.392490,0.499734,0.308069,0.450418,0.456740,0.180054,0.290347,0.506834,0.333015,0.220023,0.503556,0.291832,0.404072,0.294122,0.341896,0.409783,0.371028,0.250124,0.389146,0.311026,0.681844,0.462481,0.222661,0.234931,0.446145,0.296988,0.400320,0.194662,0.226883,0.374893,0.350494,0.376875,0.246286,0.298473,0.225139,0.365811,0.311759,0.307788,0.408770,0.831828,0.346686,0.233720,0.410232,0.384226,0.478247,0.367828,0.813516,0.390682,0.217928,0.319665,0.449498,0.371534,0.385165,0.298229,0.520264,0.315206,0.287030,0.341354,0.385032,0.458798,0.206875,0.694476,0.276461,0.361375,0.280631,0.377054,0.615125,0.374690,0.468203,0.329172,0.392683,0.334075,0.468344,0.269732,0.281609,0.414542,0.375065,0.417892,0.524941,0.456079,0.241192,0.320752,0.345838,0.257957,0.402649
1093,0.445958,0.228795,0.183408,0.435639,0.326355,0.419607,0.315425,0.318408,0.425077,0.380970,0.311581,0.637326,0.267698,0.135071,0.142164,0.390098,0.463881,0.317301,0.435839,0.468825,0.188116,0.294014,0.520078,0.352164,0.218708,0.511278,0.288459,0.379995,0.308044,0.340270,0.431724,0.405267,0.259632,0.381799,0.318153,0.674488,0.447198,0.224020,0.248117,0.481809,0.308031,0.414493,0.188463,0.230575,0.394809,0.344159,0.383577,0.237478,0.295082,0.239770,0.361315,0.303397,0.310467,0.430863,0.849139,0.341449,0.230953,0.400872,0.369167,0.493011,0.350065,0.820047,0.389483,0.226846,0.325077,0.451940,0.371644,0.323822,0.295613,0.533708,0.290345,0.289687,0.361177,0.376558,0.457131,0.189213,0.697791,0.271519,0.343258,0.288552,0.385780,0.643666,0.368036,0.453326,0.335300,0.369452,0.339000,0.474964,0.242781,0.287543,0.426499,0.365380,0.417294,0.506111,0.476840,0.238021,0.323984,0.357150,0.255242,0.405097
1114,0.415391,0.229188,0.176000,0.380018,0.352170,0.402657,0.330903,0.313776,0.434417,0.393005,0.327061,0.649401,0.242766,0.141530,0.142779,0.393966,0.480854,0.339556,0.416166,0.492831,0.185313,0.270144,0.535208,0.365549,0.204965,0.531277,0.278105,0.371721,0.319042,0.345643,0.428800,0.377562,0.248737,0.388851,0.285327,0.668807,0.472100,0.222337,0.230891,0.453772,0.310175,0.423781,0.184896,0.225134,0.402274,0.353397,0.387843,0.210498,0.298507,0.253358,0.365301,0.302093,0.312176,0.436159,0.867761,0.327022,0.235235,0.381520,0.371570,0.488591,0.361813,0.778494,0.390050,0.220624,0.306223,0.462133,0.378722,0.294587,0.294199,0.539690,0.270044,0.292197,0.370317,0.388479,0.462789,0.182713,0.642199,0.289395,0.338521,0.268192,0.364625,0.618712,0.346335,0.423210,0.330565,0.397921,0.334177,0.487115,0.214309,0.258487,0.410265,0.382116,0.444159,0.505637,0.481077,0.223980,0.316281,0.350567,0.252741,0.356769
1135,0.418981,0.230481,0.180682,0.388896,0.357569,0.388756,0.352243,0.322980,0.433941,0.378059,0.298361,0.632124,0.246364,0.140307,0.132663,0.372300,0.503870,0.328294,0.406439,0.542480,0.172301,0.279855,0.533899,0.345925,0.210578,0.503892,0.271133,0.377863,0.332243,0.354037,0.439360,0.362333,0.250370,0.396898,0.288183,0.681277,0.446218,0.222413,0.203621,0.458835,0.318978,0.440545,0.166921,0.213343,0.391951,0.343752,0.407865,0.204618,0.282554,0.254588,0.362619,0.300826,0.319261,0.397408,0.847428,0.330838,0.240904,0.393508,0.374671,0.492599,0.366729,0.811716,0.386164,0.210541,0.322898,0.463032,0.384934,0.304299,0.319698,0.526734,0.263731,0.284108,0.321329,0.362749,0.483268,0.183884,0.632102,0.286535,0.354586,0.270762,0.348523,0.640399,0.329764,0.440274,0.310215,0.388417,0.331834,0.495758,0.217425,0.228601,0.362554,0.360108,0.446297,0.519705,0.494014,0.227585,0.310376,0.345792,0.249324,0.336199
1156,0.447680,0.232082,0.179187,0.384475,0.368779,0.368666,0.313493,0.330462,0.403951,0.370478,0.308876,0.645718,0.242134,0.142169,0.130409,0.345158,0.486736,0.328207,0.406727,0.518393,0.171336,0.290499,0.576364,0.339218,0.220318,0.508960,0.270917,0.382841,0.348087,0.357194,0.412064,0.367823,0.237933,0.395230,0.290015,0.719919,0.415534,0.221281,0.210191,0.462424,0.293932,0.409766,0.161668,0.217683,0.378997,0.350258,0.425323,0.198459,0.275599,0.242375,0.338353,0.279159,0.325558,0.408307,0.933738,0.322944,0.250133,0.398915,0.366447,0.486455,0.335685,0.828788,0.394442,0.209798,0.326402,0.469715,0.399717,0.310875,0.315218,0.503202,0.277663,0.287383,0.308987,0.366336,0.521162,0.187754,0.624471,0.268860,0.334274,0.286381,0.353212,0.608680,0.299915,0.388931,0.298863,0.357262,0.299000,0.500721,0.226443,0.224557,0.393722,0.359624,0.441773,0.525684,0.511981,0.232485,0.312251,0.357779,0.247749,0.358104
1177,0.436117,0.232863,0.177205,0.371979,0.360642,0.379468,0.319701,0.293870,0.415815,0.346875,0.317855,0.626303,0.252012,0.136145,0.126013,0.332543,0.481451,0.337401,0.408445,0.536762,0.168691,0.278868,0.556540,0.317190,0.220920,0.503251,0.279382,0.369123,0.344529,0.377623,0.421820,0.357173,0.238791,0.387732,0.274247,0.710427,0.373098,0.216379,0.219156,0.427888,0.296300,0.370203,0.164801,0.198627,0.374344,0.347660,0.435990,0.197813,0.280916,0.243791,0.338136,0.298408,0.329078,0.413494,0.919771,0.327640,0.257993,0.394207,0.356233,0.483143,0.333439,0.820831,0.416127,0.210082,0.332249,0.483401,0.395908,0.285044,0.292324,0.506639,0.280596,0.285149,0.316076,0.374983,0.524409,0.186420,0.627083,0.263099,0.335973,0.307262,0.355713,0.579904,0.274851,0.399011,0.310035,0.369531,0.309098,0.507598,0.220813,0.221879,0.415151,0.359516,0.449350,0.545960,0.482034,0.224822,0.314388,0.361302,0.254674,0.357358
1198,0.445546,0.208364,0.173714,0.361127,0.376986,0.367454,0.309782,0.285392,0.409972,0.333928,0.326823,0.602727,0.249815,0.130385,0.130405,0.328775,0.469940,0.342771,0.403196,0.526752,0.173099,0.288881,0.583663,0.319162,0.236044,0.511360,0.264248,0.356725,0.363020,0.364210,0.432918,0.367974,0.238441,0.401246,0.277123,0.698257,0.385295,0.217516,0.219820,0.440189,0.288963,0.371922,0.158554,0.203697,0.374290,0.352995,0.440083,0.186507,0.280138,0.232191,0.317357,0.290447,0.330388,0.392338,0.957546,0.323116,0.253418,0.408200,0.339031,0.479301,0.344030,0.847999,0.434988,0.212859,0.339485,0.488487,0.382181,0.263049,0.269772,0.531860,0.290305,0.272431,0.319935,0.340919,0.545164,0.186186,0.633583,0.264223,0.335153,0.315147,0.350643,0.544861,0.263819,0.390503,0.311624,0.364191,0.283313,0.520190,0.216678,0.228582,0.407740,0.352173,0.422238,0.570961,0.482116,0.224719,0.317311,0.352057,0.254459,0.360962
1219,0.441090,0.224413,0.175223,0.361722,0.373784,0.384040,0.275410,0.254248,0.392391,0.308374,0.337101,0.593163,0.236868,0.134580,0.130773,0.340492,0.473047,0.351173,0.372942,0.497395,0.174114,0.299171,0.583667,0.301976,0.201165,0.488417,0.258079,0.362865,0.342332,0.381941,0.439041,0.370693,0.247944,0.384792,0.293970,0.700597,0.391882,0.217555,0.191222,0.421969,0.292824,0.358755,0.163749,0.208617,0.390327,0.364390,0.446171,0.190711,0.288500,0.234828,0.312741,0.309219,0.340314,0.406030,0.987502,0.316909,0.254189,0.408761,0.358927,0.506455,0.351083,0.878055,0.439963,0.210834,0.297560,0.476439,0.378662,0.278591,0.278302,0.471944,0.292522,0.278497,0.335497,0.345792,0.484840,0.197163,0.642892,0.261186,0.306802,0.279690,0.359504,0.527462,0.241398,0.400814,0.307755,0.325020,0.262715,0.458901,0.203559,0.219570,0.392361,0.355929,0.417845,0.551448,0.487212,0.226311,0.319652,0.353043,0.240880,0.340671
1240,0.453206,0.228158,0.188858,0.381084,0.370717,0.393874,0.276090,0.244567,0.387659,0.301735,0.322071,0.638891,0.234042,0.126064,0.130490,0.311927,0.473144,0.367999,0.381542,0.452363,0.171353,0.308505,0.631966,0.297129,0.203828,0.500595,0.238166,0.368397,0.319989,0.383127,0.419001,0.379331,0.247975,0.379351,0.296691,0.698015,0.391394,0.204379,0.187499,0.430620,0.297105,0.357721,0.158330,0.201872,0.402641,0.349942,0.448822,0.186565,0.302234,0.222956,0.275688,0.295885,0.346518,0.389756,1.030608,0.322164,0.243970,0.418520,0.354269,0.507930,0.341763,0.848582,0.433395,0.207390,0.295274,0.464167,0.385879,0.281345,0.276819,0.518868,0.302464,0.281096,0.344727,0.360480,0.485899,0.194926,0.669595,0.239473,0.315058,0.251404,0.375467,0.508700,0.243615,0.403306,0.300811,0.341549,0.264044,0.462814,0.181339,0.220277,0.379436,0.335274,0.410630,0.513839,0.490471,0.235713,0.304553,0.325984,0.244375,0.356511
