Date,AAPL,ABBV,ABT,ADBE,AMD,AMGN,AMZN,AVGO,BAC,BMY,C,COP,COST,CRM,CSCO,CVX,DIS,GOOG,GOOGL,GS,HD,INTC,INTU,JNJ,JPM,KO,LLY,LOW,MA,MCD,META,MRK,MS,MSFT,NFLX,NKE,NVDA,ORCL,PEP,PFE,SBUX,SLB,TGT,TMO,TSLA,UNH,V,WFC,WMT,XOM
2010-01-31,0.000000,0.000000,0.000000,0.000000,0.000000,0.000000,0.000000,0.000000,0.000000,0.000000,0.000000,0.000000,0.000000,0.000000,0.000000,0.000000,0.000000,0.000000,0.000000,0.000000,0.000000,0.000000,0.000000,0.000000,0.000000,0.000000,0.000000,0.000000,0.000000,0.000000,0.000000,0.000000,0.000000,0.000000,0.000000,0.000000,0.000000,0.000000,0.000000,0.000000,0.000000,0.000000,0.000000,0.000000,0.000000,0.000000,0.000000,0.000000,0.000000,0.000000
2010-02-28,0.000000,0.000000,0.000000,0.000000,0.000000,0.000000,0.000000,0.000000,0.000000,0.000000,0.000000,0.000000,0.000000,0.000000,0.000000,0.000000,0.000000,0.000000,0.000000,0.000000,0.000000,0.000000,0.000000,0.000000,0.000000,0.000000,0.000000,0.000000,0.000000,0.000000,0.000000,0.000000,0.000000,0.000000,0.000000,0.000000,0.000000,0.000000,0.000000,0.000000,0.000000,0.000000,0.000000,0.000000,0.000000,0.000000,0.000000,0.000000,0.000000,0.000000
2010-03-31,0.000000,0.000000,0.000000,0.000000,0.000000,0.000000,0.000000,0.000000,0.000000,0.000000,0.000000,0.000000,0.000000,0.000000,0.000000,0.000000,0.000000,0.000000,0.000000,0.000000,0.000000,0.000000,0.000000,0.000000,0.000000,0.000000,0.000000,0.000000,0.000000,0.000000,0.000000,0.000000,0.000000,0.000000,0.000000,0.000000,0.000000,0.000000,0.000000,0.000000,0.000000,0.000000,0.000000,0.000000,0.000000,0.000000,0.000000,0.000000,0.000000,0.000000
2010-04-30,0.000000,0.000000,0.000000,0.000000,0.000000,0.000000,0.000000,0.000000,0.000000,0.000000,0.000000,0.000000,0.000000,0.000000,0.000000,0.000000,0.000000,0.000000,0.000000,0.000000,0.000000,0.000000,0.000000,0.000000,0.000000,0.000000,0.000000,0.000000,0.000000,0.000000,0.000000,0.000000,0.000000,0.000000,0.000000,0.000000,0.000000,0.000000,0.000000,0.000000,0.000000,0.000000,0.000000,0.000000,0.000000,0.000000,0.000000,0.000000,0.000000,0.000000
2010-05-31,0.000000,0.000000,0.000000,0.000000,0.000000,0.000000,0.000000,0.000000,0.000000,0.000000,0.000000,0.000000,0.000000,0.000000,0.000000,0.000000,0.000000,0.000000,0.000000,0.000000,0.000000,0.000000,0.000000,0.000000,0.000000,0.000000,0.000000,0.000000,0.000000,0.000000,0.000000,0.000000,0.000000,0.000000,0.000000,0.000000,0.000000,0.000000,0.000000,0.000000,0.000000,0.000000,0.000000,0.000000,0.000000,0.000000,0.000000,0.000000,0.000000,0.000000
2010-06-30,0.000000,0.000000,0.000000,0.000000,0.000000,0.000000,0.000000,0.000000,0.000000,0.000000,0.000000,0.000000,0.000000,0.000000,0.000000,0.000000,0.000000,0.000000,0.000000,0.000000,0.000000,0.000000,0.000000,0.000000,0.000000,0.000000,0.000000,0.000000,0.000000,0.000000,0.000000,0.000000,0.000000,0.000000,0.000000,0.000000,0.000000,0.000000,0.000000,0.000000,0.000000,0.000000,0.000000,0.000000,0.000000,0.000000,0.000000,0.000000,0.000000,0.000000
2010-07-31,0.000000,0.000000,0.000000,0.000000,0.000000,0.000000,0.000000,0.000000,0.000000,0.000000,0.000000,0.000000,0.000000,0.000000,0.000000,0.000000,0.000000,0.000000,0.000000,0.000000,0.000000,0.000000,0.000000,0.000000,0.000000,0.000000,0.000000,0.000000,0.000000,0.000000,0.000000,0.000000,0.000000,0.000000,0.000000,0.000000,0.000000,0.000000,0.000000,0.000000,0.000000,0.000000,0.000000,0.000000,0.000000,0.000000,0.000000,0.000000,0.000000,0.000000
2010-08-31,0.000000,0.000000,0.000000,0.000000,0.000000,0.000000,0.000000,0.000000,0.000000,0.000000,0.000000,0.000000,0.000000,0.000000,0.000000,0.000000,0.000000,0.000000,0.000000,0.000000,0.000000,0.000000,0.000000,0.000000,0.000000,0.000000,0.000000,0.000000,0.000000,0.000000,0.000000,0.000000,0.000000,0.000000,0.000000,0.000000,0.000000,0.000000,0.000000,0.000000,0.000000,0.000000,0.000000,0.000000,0.000000,0.000000,0.000000,0.000000,0.000000,0.000000
2010-09-30,0.000000,0.000000,0.000000,0.000000,0.000000,0.000000,0.000000,0.000000,0.000000,0.000000,0.000000,0.000000,0.000000,0.000000,0.000000,0.000000,0.000000,0.000000,0.000000,0.000000,0.000000,0.000000,0.000000,0.000000,0.000000,0.000000,0.000000,0.000000,0.000000,0.000000,0.000000,0.000000,0.000000,0.000000,0.000000,0.000000,0.000000,0.000000,0.000000,0.000000,0.000000,0.000000,0.000000,0.000000,0.000000,0.000000,0.000000,0.000000,0.000000,0.000000
2010-10-31,0.000000,0.000000,0.000000,0.000000,0.000000,0.000000,0.000000,0.000000,0.000000,0.000000,0.000000,0.000000,0.000000,0.000000,0.000000,0.000000,0.000000,0.000000,0.000000,0.000000,0.000000,0.000000,0.000000,0.000000,0.000000,0.000000,0.000000,0.000000,0.000000,0.000000,0.000000,0.000000,0.000000,0.000000,0.000000,0.000000,0.000000,0.000000,0.000000,0.000000,0.000000,0.000000,0.000000,0.000000,0.000000,0.000000,0.000000,0.000000,0.000000,0.000000
2010-11-30,0.000000,0.000000,0.000000,0.000000,0.000000,0.000000,0.000000,0.000000,0.000000,0.000000,0.000000,0.000000,0.000000,0.000000,0.000000,0.000000,0.000000,0.000000,0.000000,0.000000,0.000000,0.000000,0.000000,0.000000,0.000000,0.000000,0.000000,0.000000,0.000000,0.000000,0.000000,0.000000,0.000000,0.000000,0.000000,0.000000,0.000000,0.000000,0.000000,0.000000,0.000000,0.000000,0.000000,0.000000,0.000000,0.000000,0.000000,0.000000,0.000000,0.000000
2010-12-31,0.183600,0.000000,0.000000,0.000000,0.000000,0.000000,0.183600,0.183600,0.000000,0.000000,0.000000,0.183600,0.000000,0.183600,0.000000,0.000000,0.000000,0.000000,0.000000,0.000000,0.000000,0.000000,0.183600,0.000000,0.000000,0.000000,0.000000,0.000000,0.000000,0.000000,0.000000,0.000000,0.000000,0.000000,0.183600,0.183600,0.000000,0.000000,0.000000,0.000000,0.183600,0.183600,0.000000,0.000000,0.000000,0.000000,0.000000,0.000000,0.000000,0.000000
2011-01-31,0.091015,0.000000,0.000000,0.000000,0.000000,0.000000,0.091015,0.091015,0.000000,0.000000,0.090839,0.091015,0.000000,0.091015,0.000000,0.000000,0.000000,0.000000,0.000000,0.000000,0.000000,0.000000,0.091015,0.000000,0.000000,0.000000,0.000000,0.000000,0.000000,0.000000,0.000000,0.000000,0.000000,0.000000,0.091015,0.005213,0.085802,0.000000,0.000000,0.000000,0.091015,0.000176,0.000000,0.000000,0.000000,0.000000,0.000000,0.000000,0.000000,0.000000
2011-02-28,0.063872,0.000000,0.000000,0.000000,0.000000,0.000000,0.021908,0.063872,0.000000,0.000000,0.000884,0.063872,0.000000,0.063872,0.000000,0.041964,0.000000,0.000000,0.000000,0.000000,0.000000,0.000000,0.021908,0.000000,0.000000,0.000000,0.000000,0.000000,0.000000,0.000000,0.000000,0.000000,0.000000,0.000000,0.063872,0.000004,0.063868,0.041964,0.000000,0.000000,0.063872,0.062988,0.000000,0.000000,0.000000,0.000000,0.000000,0.000000,0.000000,0.000000
2011-03-31,0.087297,0.000000,0.000000,0.000000,0.000000,0.000000,0.001444,0.087297,0.000000,0.000000,0.000000,0.087297,0.000000,0.087297,0.000000,0.085853,0.000000,0.000000,0.000000,0.000000,0.000000,0.000000,0.087016,0.000000,0.000000,0.000000,0.000000,0.000000,0.000000,0.000000,0.000000,0.000000,0.000000,0.000000,0.087297,0.000000,0.061108,0.000282,0.000000,0.000000,0.078753,0.087297,0.000000,0.000000,0.000000,0.026189,0.000000,0.000000,0.000000,0.008544
2011-04-30,0.001838,0.000000,0.000000,0.000000,0.000000,0.000000,0.047402,0.092943,0.000000,0.000000,0.000000,0.092943,0.000000,0.092943,0.000000,0.092942,0.000000,0.000000,0.000000,0.000000,0.000000,0.000000,0.092943,0.000000,0.000000,0.000000,0.000000,0.000000,0.000000,0.000000,0.000000,0.000000,0.000000,0.000000,0.092943,0.000000,0.034659,0.000000,0.000000,0.000000,0.092936,0.092943,0.000000,0.000000,0.000000,0.092891,0.000000,0.000000,0.000000,0.009104
2011-05-31,0.000001,0.000000,0.000000,0.000000,0.000000,0.000000,0.060450,0.085585,0.000000,0.000000,0.000000,0.085585,0.000690,0.029356,0.000000,0.085585,0.000000,0.000000,0.000000,0.000000,0.000000,0.000000,0.085585,0.000000,0.000000,0.000000,0.000000,0.000000,0.000000,0.000000,0.000000,0.000000,0.000000,0.000000,0.085585,0.000000,0.085463,0.085445,0.000000,0.000000,0.024561,0.056368,0.000000,0.000000,0.000000,0.085585,0.000000,0.000000,0.000000,0.000005
2011-06-30,0.000000,0.000000,0.000000,0.000000,0.000000,0.000000,0.080127,0.080136,0.000000,0.000000,0.000000,0.000266,0.009162,0.078562,0.000000,0.080136,0.000000,0.000000,0.000000,0.000000,0.000000,0.000000,0.001585,0.000000,0.000000,0.000000,0.000000,0.000000,0.000000,0.000000,0.000000,0.000000,0.000000,0.000000,0.080136,0.000000,0.080136,0.056095,0.000000,0.080091,0.070717,0.000034,0.000000,0.000000,0.024041,0.080136,0.000000,0.000000,0.000000,0.000000
2011-07-31,0.000000,0.000000,0.000000,-0.012643,-0.012643,-0.012643,0.040815,0.040815,-0.012643,0.000000,-0.012643,0.000000,0.040629,0.040814,-0.012643,0.040815,-0.012643,0.000000,0.000000,-0.012643,0.021241,0.000000,-0.012642,0.000000,-0.012643,0.000000,0.000000,0.021241,0.039662,0.000000,0.000000,0.021241,-0.012643,0.000000,0.040815,0.000000,0.000194,0.000047,-0.012643,0.062056,0.040807,0.000959,-0.012643,0.000000,0.000147,0.040815,0.000000,-0.012643,0.021241,0.000000
2011-08-31,0.000000,0.000000,-0.000136,-0.053248,-0.053761,-0.006061,0.000026,0.000026,-0.053761,-0.000136,-0.053761,0.000000,0.000025,-0.031959,-0.053761,0.000026,-0.053248,0.075622,0.075622,0.091422,-0.053660,0.090947,-0.053248,-0.000136,-0.053761,0.000000,-0.000136,-0.053660,0.000025,0.000000,0.000000,-0.053660,0.093793,-0.006536,0.018558,-0.000985,-0.006400,0.000000,-0.053761,-0.006447,0.000026,0.000001,-0.006574,0.000000,0.000000,0.000026,0.000000,-0.053761,-0.000921,0.000000
2011-09-30,0.000000,0.000000,-0.000000,-0.035393,0.081080,-0.000003,0.000000,0.000000,0.081080,-0.000000,-0.035393,-0.020410,0.000000,-0.016792,-0.035393,0.007747,-0.035393,0.028444,0.028444,-0.025153,-0.035393,0.000050,-0.035393,-0.000000,-0.033725,0.056520,-0.000000,-0.035393,0.000000,0.000000,0.000000,-0.035393,-0.025152,-0.014483,0.045953,-0.000001,-0.017252,-0.035364,-0.035164,0.017399,0.000000,0.029108,-0.032659,-0.035364,-0.018176,0.000000,0.000000,-0.035393,-0.035364,-0.020410
2011-10-31,0.000000,0.000000,-0.000000,-0.029314,-0.024611,0.032912,0.021363,0.045203,-0.029193,0.044666,-0.029314,-0.019295,0.000537,-0.002950,-0.000035,-0.000172,-0.029314,-0.000107,-0.000107,-0.029311,-0.000210,0.000000,-0.000035,0.003501,-0.029314,0.000091,0.021363,-0.029314,0.003501,0.000000,0.000000,-0.001669,-0.029311,0.044661,0.000020,-0.000000,0.022892,-0.000210,-0.029314,-0.001651,0.000000,-0.029292,-0.000034,-0.000626,-0.000029,0.000537,0.000000,-0.029314,-0.000035,-0.019295
2011-11-30,0.000000,0.000000,-0.000000,-0.045743,-0.045739,-0.005901,0.068040,0.071370,0.037951,0.000566,-0.041896,-0.000235,0.000000,0.058001,-0.000000,0.003264,-0.045743,-0.000000,-0.000000,-0.045743,-0.000000,0.000000,0.016450,-0.005958,-0.041896,0.012874,-0.005945,-0.006203,0.000002,0.000000,0.000000,-0.005961,-0.041896,-0.005394,0.037420,-0.000000,-0.045650,-0.000000,-0.043994,0.016449,0.000000,-0.026908,0.000485,-0.045170,-0.000000,0.000000,0.000000,-0.045743,-0.000000,-0.007944
2011-12-31,0.102548,0.000000,-0.000000,-0.024923,-0.022710,-0.000004,0.043945,-0.017124,-0.024863,0.129484,-0.024920,-0.000907,0.137038,-0.024848,0.007555,0.000515,-0.007236,-0.000000,-0.000000,-0.024923,0.128971,0.137038,0.000012,-0.000004,-0.024920,0.000009,-0.000004,-0.000004,0.137038,0.137038,0.000000,-0.000004,-0.024920,-0.000004,-0.024863,0.034490,-0.016414,-0.000907,-0.000939,0.000012,0.102548,-0.024910,0.000000,-0.022710,0.036340,0.102036,0.137038,-0.000940,-0.000000,-0.000006
2012-01-31,0.001819,0.000000,0.154093,-0.000021,-0.000019,0.187049,0.000037,-0.000014,-0.000021,0.194868,-0.000021,-0.000001,0.000277,-0.000021,0.000006,0.000000,-0.000006,-0.000000,-0.000000,-0.000021,0.194867,0.149964,0.000000,-0.000000,-0.000021,0.000000,0.194597,-0.000000,0.194874,0.194874,0.000000,-0.000000,-0.000021,-0.000000,-0.000021,0.000029,-0.000014,-0.000001,-0.000001,0.044910,0.194845,-0.000021,0.000000,-0.000019,0.000031,0.046729,0.194874,-0.000001,-0.000000,-0.000000
2012-02-29,0.188856,0.000000,0.000191,-0.000000,-0.000000,0.196789,0.000000,-0.000000,-0.000000,0.196796,-0.000000,-0.000000,0.000000,-0.000000,0.000000,0.000000,-0.000000,-0.000000,-0.000000,-0.000000,0.196796,0.196760,0.000000,-0.000000,-0.000000,0.000000,0.000224,-0.000000,0.196796,0.196796,0.000000,0.007717,-0.000000,-0.000000,-0.000000,0.000000,-0.000000,-0.000000,-0.000000,0.000036,0.196796,-0.000000,0.000000,-0.000000,0.188854,0.007755,0.196796,-0.000000,-0.000000,-0.000000
2012-03-31,0.131626,0.000000,0.000000,-0.000000,-0.000000,0.064498,0.000000,-0.000000,-0.000000,0.000306,-0.000000,-0.000000,0.000000,-0.000000,0.000000,0.000000,-0.000000,-0.000000,-0.000000,-0.000000,0.131628,0.131628,0.000000,-0.000000,-0.000000,0.000000,0.000000,-0.000000,0.131628,0.077971,0.000000,0.000002,-0.000000,0.053658,-0.000000,0.131322,-0.000000,-0.000000,-0.000000,0.000000,0.131628,-0.000000,0.000000,-0.000000,0.131626,0.067133,0.131628,-0.000000,-0.000000,-0.000000
2012-04-30,0.083586,0.000000,0.000000,-0.000000,-0.000000,0.000033,0.000000,-0.000000,-0.000000,0.000000,-0.000000,-0.000000,0.000000,-0.000000,0.000000,0.000000,-0.000000,-0.000000,-0.000000,-0.000000,0.083586,0.083586,0.000000,-0.000000,-0.000000,0.000000,0.000000,0.083392,0.083586,0.000167,0.000000,0.000000,-0.000000,0.078795,-0.000000,0.083586,-0.000000,-0.000000,-0.000000,0.000000,0.083586,-0.000000,0.000000,-0.000000,0.083586,0.004786,0.083586,-0.000000,-0.000000,-0.000000
2012-05-31,0.092669,0.000000,0.027801,-0.000000,-0.000000,0.000000,0.000000,-0.000000,-0.000000,0.000000,-0.000000,-0.000000,0.000000,-0.000000,0.000000,0.000000,-0.000000,-0.000000,-0.000000,-0.000000,0.092669,0.051911,0.000000,-0.000000,-0.000000,0.000000,0.000000,0.092669,0.092669,0.000000,0.000000,0.000000,-0.000000,0.092667,-0.000000,0.092669,-0.000000,-0.000000,-0.000000,0.000000,0.092669,-0.000000,0.000000,-0.000000,0.000074,0.012959,0.092669,0.092595,-0.000000,-0.000000
2012-06-30,0.069583,0.000000,0.064788,-0.000000,-0.000000,0.040255,0.000000,-0.000000,-0.000000,0.000000,-0.000000,-0.000000,0.000000,-0.000000,0.000000,0.000000,0.069421,-0.000000,-0.000000,-0.000000,0.069583,0.033154,0.000000,-0.000000,-0.000000,0.000000,0.000000,0.000963,0.069583,0.000000,0.000000,0.000000,-0.000000,0.005730,-0.000000,0.005730,-0.000000,-0.000000,-0.000000,0.000000,0.069583,-0.000000,0.063852,-0.000000,0.000000,0.000005,0.069583,0.000162,0.063852,-0.000000
2012-07-31,0.093731,0.000000,0.093727,-0.000000,-0.000000,0.093708,0.000000,-0.000000,-0.000000,0.000000,-0.000000,-0.000000,0.000000,-0.000000,0.000000,0.000000,0.093730,-0.000000,-0.000000,-0.000000,0.093731,0.000025,0.000000,-0.000000,-0.000000,0.000000,0.000000,0.000001,0.093731,0.000000,0.000000,0.071226,-0.000000,0.000004,-0.000000,0.000004,-0.000000,-0.000000,-0.000000,0.071226,0.022505,-0.000000,0.022500,-0.000000,0.000000,0.000000,0.093731,0.000000,0.093726,-0.000000
2012-08-31,0.174891,0.000000,0.174891,-0.000000,-0.000000,0.174891,0.000000,-0.000000,-0.000000,0.000000,-0.000000,-0.000000,0.000000,-0.000000,0.000000,0.000000,0.174891,-0.000000,-0.000000,-0.000000,0.174891,0.000000,0.000000,-0.000000,-0.000000,0.000000,0.000000,0.000000,0.000068,0.000000,0.000000,0.174880,-0.000000,0.000000,-0.000000,0.000000,-0.000000,-0.000000,-0.000000,0.174541,0.000350,-0.000000,0.000011,-0.000000,0.000000,0.000000,0.174891,0.174823,0.174891,-0.000000
2012-09-30,0.157728,0.000000,0.077287,-0.000000,-0.000000,0.157728,0.000000,-0.000000,-0.000000,0.000000,-0.000000,-0.000000,0.000000,-0.000000,0.000000,0.000000,0.157728,-0.000000,0.080441,-0.000000,0.157728,0.000000,0.000000,-0.000000,-0.000000,0.000000,0.000000,0.080441,0.000000,0.000000,0.000000,0.157728,-0.000000,0.000000,-0.000000,0.000000,-0.000000,-0.000000,-0.000000,0.157728,0.000000,-0.000000,0.000000,-0.000000,0.000000,0.000000,0.157728,0.077287,0.157728,-0.000000
2012-10-31,0.118752,0.000000,0.005728,-0.000000,-0.000000,0.118752,0.000000,-0.000000,0.040539,0.000000,-0.000000,-0.000000,0.000000,-0.000000,0.000000,0.000000,0.118752,-0.000000,0.000161,-0.000000,0.118752,0.000000,0.000000,-0.000000,-0.000000,0.000000,0.118558,0.079138,0.000000,0.000000,0.000000,0.118752,-0.000000,0.000000,-0.000000,0.000000,-0.000000,-0.000000,-0.000000,0.112099,0.000000,-0.000000,0.000000,-0.000000,0.000000,0.000000,0.118752,0.000033,0.118752,-0.000000
2012-11-30,0.129367,0.000000,0.000004,-0.000563,-0.000563,0.129367,0.000000,-0.000563,0.129319,-0.000563,0.130147,-0.000000,0.000000,-0.000563,-0.000563,-0.000563,0.062286,-0.000000,0.000000,-0.000000,0.129367,0.000879,0.000000,-0.000000,0.128930,-0.000563,0.129003,0.129343,0.000000,-0.000563,0.000000,0.000437,-0.000563,-0.000563,-0.000563,-0.000563,-0.000563,0.001217,-0.000000,0.000069,-0.000563,-0.000563,0.000000,0.067081,0.000000,0.000879,0.129367,0.001581,0.000437,-0.000000
2012-12-31,0.000218,0.000000,0.000000,-0.000000,-0.000000,0.094401,0.086628,-0.000000,0.094401,-0.000000,0.094402,-0.000000,0.000000,0.093095,-0.000000,-0.000000,0.000036,-0.000000,0.000000,0.093096,0.094401,0.000001,0.000000,-0.000000,0.007773,-0.000000,0.001305,0.094401,0.000000,-0.000000,0.000000,0.001087,-0.000000,-0.000000,-0.000000,-0.000000,-0.000000,0.000001,-0.000000,0.000000,-0.000000,-0.000000,0.000000,0.094365,0.000000,0.000001,0.094401,0.000001,0.000000,-0.000000
2013-01-31,0.000000,0.000000,0.000000,-0.000000,-0.000000,0.000655,0.057620,-0.000000,0.137978,-0.000000,0.137978,-0.000000,0.000000,0.137977,-0.000000,-0.000000,0.000000,-0.000000,0.000000,0.093341,0.137978,0.000000,0.000000,-0.000000,0.000006,-0.000000,0.121746,0.137978,0.137323,-0.000000,0.000000,0.000001,0.012335,-0.000000,0.121745,-0.000000,-0.000000,0.000000,-0.000000,0.000000,-0.000000,-0.000000,0.000000,0.003898,0.003242,0.000000,0.137978,0.000000,0.000000,-0.000000
2013-02-28,0.000000,0.000000,0.000000,-0.000000,-0.000000,0.000000,0.068743,-0.000000,0.068788,-0.000000,0.068788,-0.000000,0.000000,0.001943,-0.000000,-0.000000,0.000000,-0.000000,0.000000,0.068515,0.068788,0.000000,0.000000,-0.000000,0.000000,-0.000000,0.068779,0.068788,0.000326,-0.000000,0.000000,0.000000,0.066852,-0.000000,0.068779,-0.000000,-0.000000,0.000000,-0.000000,0.000000,-0.000000,-0.000000,0.000000,0.000002,0.000002,0.000000,0.068788,0.000000,0.000000,-0.000000
2013-03-31,0.000000,0.000000,0.000000,-0.000000,-0.000000,0.100891,0.078159,-0.000000,0.047755,-0.000000,0.002261,-0.000000,0.000000,0.000003,-0.000000,-0.000000,0.000000,-0.000000,0.000000,0.114343,0.114343,0.000000,0.000000,-0.000000,0.000000,-0.000000,0.114343,0.114343,0.000000,-0.000000,0.000000,0.000000,0.002258,-0.000000,0.114343,-0.000000,-0.000000,0.000000,-0.000000,0.112082,-0.000000,-0.000000,0.000000,0.113963,0.000000,0.000000,0.114343,0.000000,0.000000,-0.000000
2013-04-30,0.000000,0.000000,0.000000,0.072779,-0.000000,0.073272,0.000020,-0.000000,0.073259,-0.000000,0.002874,-0.000000,0.000000,0.000000,-0.000000,-0.000000,0.072779,-0.000000,0.000000,0.000497,0.073275,0.000000,0.000000,-0.000000,0.000000,-0.000000,0.073275,0.000497,0.000000,-0.000000,0.000000,0.000000,0.002461,-0.000000,0.073275,-0.000000,-0.000000,0.000000,-0.000000,0.000083,-0.000000,-0.000000,0.000000,0.073275,0.070319,0.000000,0.070816,0.000000,0.000000,-0.000000
2013-05-31,0.000000,0.000000,0.000000,0.040395,-0.000000,0.038560,0.000000,-0.000000,0.078694,-0.000000,0.078651,-0.000000,0.000000,0.000000,-0.000000,-0.000000,0.001556,-0.000000,0.000000,0.078432,0.038342,0.000000,0.000000,-0.000000,0.077138,-0.000000,0.000044,0.000000,0.000000,-0.000000,0.000000,0.000000,0.078651,-0.000000,0.078694,-0.000000,-0.000000,0.000000,-0.000000,0.000000,-0.000000,-0.000000,0.000000,0.078694,0.078692,0.000000,0.040394,0.000000,0.000000,-0.000000
2013-06-30,0.000000,0.000000,0.000000,0.000129,-0.000000,0.000026,0.000000,-0.000000,0.066449,-0.000000,0.066449,-0.000000,0.000000,0.000000,-0.000000,-0.000000,0.000001,0.005318,0.039207,0.066449,0.061002,0.000000,0.000000,-0.000000,0.066448,-0.000000,0.000000,0.027088,0.000000,-0.000000,0.000000,0.000000,0.066449,-0.000000,0.066449,-0.000000,-0.000000,0.000000,-0.000000,0.000000,-0.000000,-0.000000,0.000000,0.066449,0.066449,0.000000,0.000129,0.000000,0.000000,-0.000000
2013-07-31,0.000000,0.000000,0.000000,0.000000,-0.000000,0.000000,0.000000,-0.000000,0.098743,-0.000000,0.098743,-0.000000,0.000000,0.000000,0.095954,-0.000000,0.000000,0.002324,0.002417,0.098743,0.000466,0.000000,0.000000,-0.000000,0.014275,-0.000000,0.000000,0.098646,0.000000,-0.000000,0.000000,0.000000,0.098743,-0.000000,0.098743,-0.000000,-0.000000,0.000000,-0.000000,0.000000,0.082147,-0.000000,0.000000,0.098743,0.098743,0.000000,0.000000,0.000000,0.000000,-0.000000
2013-08-31,0.000000,0.000000,0.000000,0.000000,-0.000000,0.000000,0.000000,-0.000000,0.082477,-0.000000,0.082477,-0.000000,0.000000,0.000000,0.001141,-0.000000,0.000000,0.000001,0.000001,0.081368,0.001109,0.000000,0.000000,-0.000000,0.005655,-0.000000,0.000000,0.082477,0.000000,-0.000000,0.075685,0.000000,0.082477,-0.000000,0.082477,-0.000000,-0.000000,0.000000,-0.000000,0.000000,0.082471,-0.000000,0.000000,0.082477,0.082477,0.000000,0.000000,0.000000,0.000000,-0.000000
2013-09-30,0.000000,0.000000,0.000000,0.000000,-0.000000,0.033348,0.000000,-0.000000,0.116865,-0.000000,0.111260,-0.000000,0.000000,0.000000,0.000001,-0.000000,0.000000,0.000000,0.000000,0.000189,0.000001,0.000000,0.000000,-0.000000,0.000006,-0.000000,0.000000,0.116865,0.083327,-0.000000,0.116857,0.000000,0.116865,-0.000000,0.116865,-0.000000,-0.000000,0.000000,-0.000000,0.000000,0.116865,-0.000000,0.000000,0.116865,0.116865,0.005605,0.000000,0.000000,0.000000,-0.000000
2013-10-31,0.000000,0.000000,0.000000,0.055616,0.081159,0.000006,0.000000,-0.000000,0.001610,0.024429,0.000044,-0.000000,0.000000,0.000000,0.000000,-0.000000,0.000000,0.000000,0.000000,0.000000,0.000000,0.000000,0.000000,-0.000000,0.000000,-0.000000,0.000000,0.057001,0.081198,-0.000000,0.081429,0.000000,0.081429,-0.000000,0.081429,0.072074,-0.000000,0.000000,-0.000000,0.000000,0.081429,-0.000000,0.000000,0.034009,0.081429,0.000001,0.000000,0.000000,0.000000,-0.000000
2013-11-30,0.000000,0.000000,0.000000,0.092910,0.001842,0.000000,0.082208,-0.000000,0.000001,0.093117,0.000000,-0.000000,0.000000,0.000000,0.000000,-0.000000,0.000000,0.000000,0.000000,0.000000,0.000000,0.000000,0.000000,-0.000000,0.000000,-0.000000,0.000000,0.001585,0.091636,-0.000000,0.093169,0.000000,0.093169,-0.000000,0.093169,0.093161,-0.000000,0.000000,-0.000000,0.000000,0.093169,-0.000000,0.000000,0.009385,0.093169,0.000000,0.000000,0.000000,0.000000,-0.000000
2013-12-31,0.000000,0.113231,0.000000,0.006927,0.000001,0.000000,0.006919,0.113231,0.000000,0.120158,0.000000,-0.000000,0.000000,0.000000,0.000000,-0.000000,0.000000,0.000000,0.000000,0.000000,0.000000,0.000000,0.000000,-0.000000,0.000000,-0.000000,0.000000,0.000001,0.120157,-0.000000,0.120158,0.000000,0.120158,-0.000000,0.120158,0.120158,-0.000000,0.000000,-0.000000,0.000000,0.001164,-0.000000,0.000000,0.119001,0.120158,0.000000,0.000000,0.000000,0.000000,-0.000000
2014-01-31,0.000000,0.001014,0.000000,0.051182,0.000000,0.000000,0.020935,0.051349,0.000000,0.030418,0.000000,-0.000000,0.000000,0.000000,0.000000,-0.000000,0.000000,0.050336,0.050336,0.000000,0.000000,0.000000,0.000000,-0.000000,0.000000,-0.000000,0.000000,0.000000,0.051351,-0.000000,0.051351,0.000000,0.001015,-0.000000,0.051351,0.000171,-0.000000,0.000000,-0.000000,0.000000,0.000000,-0.000000,0.000000,0.051351,0.051351,0.000000,0.000000,0.000000,0.000000,-0.000000
2014-02-28,0.000000,0.000002,0.000000,0.073582,0.000000,0.000000,0.031240,0.073583,0.000000,0.043553,0.000000,-0.000000,0.000000,0.029996,0.000000,-0.000000,0.000000,0.037770,0.073581,0.000000,0.000000,0.000000,0.000000,-0.000000,0.000000,-0.000000,0.000000,0.000000,0.073583,-0.000000,0.073583,0.000000,0.000002,-0.000000,0.073583,0.000000,-0.000000,0.000000,-0.000000,0.000000,0.000000,-0.000000,0.000000,0.073583,0.073583,0.000000,0.004605,0.000000,0.000000,-0.000000
2014-03-31,0.000000,0.000000,0.000000,0.076422,0.050209,0.000000,0.000018,0.076422,0.000000,0.000723,0.000000,-0.000000,0.000000,0.003683,0.000000,-0.000000,0.021807,0.076401,0.076422,0.000000,0.000000,0.000000,0.000000,-0.000000,0.000000,-0.000000,0.000000,0.000000,0.004406,-0.000000,0.076422,0.000000,0.000000,-0.000000,0.076422,0.000000,0.072016,0.000000,-0.000000,0.000000,0.000000,-0.000000,0.000000,0.076422,0.076422,0.000000,0.000003,0.000000,0.000000,-0.000000
2014-04-30,0.000000,0.000000,0.000000,0.049618,0.049329,0.000000,0.000000,0.049618,0.006617,0.000000,0.000000,-0.000000,0.000000,0.000001,0.000000,-0.000000,0.000008,0.002002,0.002002,0.000000,0.000000,0.000000,0.000000,-0.000000,0.000000,-0.000000,0.000000,0.000000,0.000002,-0.000000,0.049618,0.000000,0.047616,-0.000000,0.049618,0.000000,0.049617,0.000000,-0.000000,0.000000,0.000000,-0.000000,0.000000,0.049618,0.049618,0.041279,0.000000,0.000000,0.000000,-0.000000
2014-05-31,0.072288,0.000000,0.000000,0.081926,0.000045,0.000000,0.000000,0.081926,0.000006,0.000000,0.000000,-0.000000,0.000000,0.041782,0.000000,-0.000000,0.000000,0.000002,0.000002,0.000000,0.000000,0.000000,0.008019,-0.000000,0.000000,-0.000000,0.000000,0.000000,0.000000,-0.000000,0.081926,0.040098,0.000044,-0.000000,0.081926,0.000000,0.081926,0.000000,-0.000000,0.000000,0.000000,0.080306,0.000000,0.081926,0.081926,0.001612,0.000000,0.001574,0.000000,-0.000000
2014-06-30,0.125991,0.000000,0.000000,0.125999,0.000000,0.000000,0.000000,0.125999,0.000000,0.000000,0.000000,0.118735,0.000000,0.042167,0.000000,-0.000000,0.001016,0.000000,0.000000,0.000000,0.000000,0.000000,0.000007,-0.000000,0.000000,-0.000000,0.000000,0.000000,0.000000,-0.000000,0.125999,0.000034,0.000000,-0.000000,0.125999,0.000000,0.090045,0.118735,-0.000000,0.000000,0.000000,0.125997,0.000000,0.007264,0.125999,0.000001,0.000000,0.000001,0.000000,-0.000000
2014-07-31,0.094724,0.000000,0.000000,0.094724,0.000000,0.000000,0.000000,0.094724,0.000000,0.000000,0.000000,0.094722,0.000000,0.000012,0.000000,-0.000000,0.000000,0.000000,0.000000,0.000000,0.000000,0.094409,0.000000,-0.000000,0.000000,-0.000000,0.000000,0.000000,0.000000,-0.000000,0.094724,0.000000,0.000000,0.092851,0.094724,0.000000,0.001862,0.000313,-0.000000,0.000000,0.000000,0.094724,0.000000,0.000002,0.094724,0.000000,0.000000,0.000000,0.000000,-0.000000
2014-08-31,0.148160,0.000000,0.000000,0.148160,0.000000,0.000000,0.000000,0.148160,0.000000,0.000000,0.000000,0.070893,0.000000,0.000000,0.000000,-0.000000,0.135959,0.000000,0.000000,0.000000,0.000000,0.148160,0.000000,-0.000000,0.000000,-0.000000,0.000000,0.000000,0.000000,-0.000000,0.148160,0.000000,0.000000,0.148159,0.148160,0.000000,0.001708,0.000000,-0.000000,0.000000,0.000000,0.148160,0.000000,0.000000,0.087763,0.000000,0.000000,0.000000,0.000000,-0.000000
2014-09-30,0.100687,0.000000,0.000000,0.100687,0.000000,0.000000,0.000000,0.100687,0.000000,0.000000,0.000000,0.000027,0.000000,0.000000,0.000000,-0.000000,0.100683,0.000000,0.000000,0.000000,0.000000,0.100687,0.000000,-0.000000,0.000000,-0.000000,0.076512,0.000000,0.000000,-0.000000,0.100687,0.020112,0.000000,0.100687,0.100687,0.000000,0.000001,0.000000,-0.000000,0.000000,0.000000,0.004063,0.000000,0.000000,0.100665,0.000000,0.000000,0.000000,0.000000,-0.000000
2014-10-31,0.074619,0.000000,0.000000,0.000176,-0.000201,0.074443,-0.000201,0.074619,0.000386,-0.000201,0.000000,-0.000201,0.000000,-0.000201,-0.000201,-0.000201,0.000176,0.000000,0.000000,0.000000,0.000507,0.074619,0.000000,-0.000201,0.000386,-0.000000,0.074614,0.000000,-0.000201,-0.000201,0.074619,0.039010,0.000000,0.074619,0.074619,0.000000,-0.000201,-0.000201,-0.000000,-0.000201,-0.000201,-0.000200,0.000000,0.000000,0.074619,0.035944,-0.000201,0.000386,-0.000201,-0.000201
2014-11-30,0.124881,0.110190,0.000000,0.000000,-0.000000,0.124881,-0.000000,0.124881,0.000001,-0.000000,0.000000,-0.000000,0.000000,-0.000000,-0.000000,-0.000000,0.000000,0.000000,0.000000,0.000000,0.002055,0.124881,0.000000,-0.000000,0.000001,-0.000000,0.124881,0.110190,-0.000000,-0.000000,0.124881,0.000346,0.000000,0.012636,0.002468,0.012223,-0.000000,-0.000000,-0.000000,-0.000000,-0.000000,-0.000000,0.000000,0.000000,0.124881,0.124535,-0.000000,0.000001,-0.000000,-0.000000
2014-12-31,0.081078,0.078352,0.000000,0.000000,-0.000000,0.081078,-0.000000,0.081078,0.000000,-0.000000,0.000000,-0.000000,0.000000,-0.000000,-0.000000,-0.000000,0.000000,0.000000,0.000000,0.000000,0.000001,0.081078,0.000000,-0.000000,0.000000,-0.000000,0.081078,0.081074,-0.000000,-0.000000,0.064883,0.000000,0.000000,0.002725,0.000001,0.016198,-0.000000,-0.000000,-0.000000,-0.000000,-0.000000,-0.000000,0.000000,0.000000,0.081078,0.081078,-0.000000,0.000000,-0.000000,-0.000000
2015-01-31,0.063173,0.063171,0.000000,0.000000,-0.000000,0.063173,-0.000000,0.063173,0.000000,-0.000000,0.000000,-0.000000,0.000000,-0.000000,-0.000000,-0.000000,0.000000,0.000000,0.000000,0.000000,0.062963,0.063173,0.000000,-0.000000,0.000000,-0.000000,0.001249,0.063173,-0.000000,-0.000000,0.026991,0.000000,0.000000,0.000002,0.000000,0.036182,-0.000000,-0.000000,-0.000000,-0.000000,-0.000000,-0.000000,0.061924,0.000000,0.000210,0.063173,-0.000000,0.000000,-0.000000,-0.000000
2015-02-28,0.097338,0.000323,0.000000,0.000000,-0.000000,0.041604,-0.000000,0.097338,0.000000,-0.000000,0.000000,-0.000000,0.097015,-0.000000,0.095413,-0.000000,0.000000,0.000000,0.000000,0.000000,0.097338,0.097338,0.000000,-0.000000,0.000000,-0.000000,0.006094,0.097338,-0.000000,-0.000000,0.000047,0.000000,0.000000,0.000000,0.000000,0.001877,-0.000000,-0.000000,-0.000000,-0.000000,0.049642,-0.000000,0.097336,0.000000,0.000000,0.097338,-0.000000,0.000000,-0.000000,-0.000000
2015-03-31,0.088850,0.000000,0.000000,0.000000,-0.000000,0.000015,-0.000000,0.088850,0.000000,-0.000000,0.000000,-0.000000,0.088850,-0.000000,0.003585,-0.000000,0.088749,0.000000,0.000000,0.000000,0.088850,0.000603,0.000000,-0.000000,0.000000,-0.000000,0.000002,0.088850,-0.000000,-0.000000,0.000000,0.000000,0.000000,0.000000,0.000000,0.017748,-0.000000,-0.000000,-0.000000,-0.000000,0.088332,-0.000000,0.088850,0.000000,0.000000,0.088850,0.067517,0.000000,-0.000000,-0.000000
2015-04-30,0.106740,0.000000,0.000000,0.000000,-0.000000,0.074363,0.094182,0.106740,0.000000,0.012473,0.000000,-0.000000,0.032377,-0.000000,0.000002,-0.000000,0.012288,0.000000,0.000000,0.000000,0.106740,0.000000,0.000000,-0.000000,0.000000,-0.000000,0.000000,0.106740,-0.000000,-0.000000,0.000000,0.000000,0.000000,0.000000,0.094182,0.000012,-0.000000,-0.000000,-0.000000,-0.000000,0.106740,-0.000000,0.106740,0.000000,0.000000,0.106740,0.000340,0.000000,-0.000000,-0.000000
2015-05-31,0.104296,0.000000,0.000000,0.000000,-0.000000,0.011982,0.094078,0.104296,0.000000,0.010218,0.000000,-0.000000,0.000289,0.053191,0.000000,-0.000000,0.038844,0.000000,0.000000,0.000000,0.104296,0.000000,0.000000,-0.000000,0.000000,-0.000000,0.000000,0.104296,-0.000000,-0.000000,0.000000,0.000000,0.000000,0.000000,0.104286,0.000000,-0.000000,-0.000000,-0.000000,-0.000000,0.104296,-0.000000,0.104296,0.000000,0.000000,0.104296,0.000000,0.000000,-0.000000,-0.000000
2015-06-30,0.107605,0.000000,0.000000,0.000000,-0.000000,0.000005,0.108211,0.108215,0.000000,0.108096,0.000000,-0.000000,0.000000,0.000713,0.000000,-0.000000,0.000016,0.000000,0.000000,0.000000,0.108215,0.000000,0.000000,-0.000000,0.000000,-0.000000,0.000000,0.108215,-0.000000,-0.000000,0.000000,0.000000,0.000000,0.000000,0.108215,0.000000,-0.000000,-0.000000,-0.000000,-0.000000,0.108215,-0.000000,0.108215,0.000000,0.000000,0.108215,0.000000,0.000000,-0.000000,-0.000000
2015-07-31,0.000162,0.000000,0.000000,0.000000,-0.000054,-0.000054,0.125232,0.125232,0.000000,0.001514,0.000000,-0.000054,0.000000,0.010125,-0.000054,-0.000054,0.115038,-0.000054,-0.000054,0.000092,0.125140,-0.000054,0.000000,-0.000054,0.000092,-0.000054,0.116481,0.010195,-0.000000,-0.000000,0.000000,-0.000054,0.000092,-0.000054,0.125232,0.123627,-0.000054,-0.000054,-0.000000,-0.000000,0.125140,-0.000054,0.123697,0.000000,0.000000,0.125232,0.000000,0.000000,-0.000054,-0.000054
2015-08-31,-0.016291,0.047620,0.037143,0.000000,-0.016291,-0.000000,0.005023,0.005023,-0.016291,0.004881,-0.016291,-0.000111,-0.016291,0.000004,-0.016291,-0.016291,0.000138,-0.000000,-0.000000,-0.016291,0.000142,-0.016291,0.014207,-0.016291,-0.011358,-0.016291,0.005019,0.000004,-0.000000,-0.000000,0.004179,0.020963,-0.016291,-0.016291,0.005023,0.005022,-0.000000,-0.016291,-0.016291,0.032710,0.005023,-0.000111,0.005022,0.020963,-0.004933,0.005023,0.000000,-0.016291,-0.016291,-0.016291
2015-09-30,-0.037818,0.085534,0.105168,0.000000,-0.037818,-0.013729,0.000007,0.000007,-0.037818,-0.000474,-0.037818,-0.037796,-0.000190,0.000000,-0.037818,-0.037818,-0.037628,-0.000000,-0.000000,0.101871,0.000000,-0.037818,-0.036859,-0.037818,-0.016020,-0.037348,0.000007,0.000000,-0.000000,-0.000000,0.000006,-0.037218,0.101871,-0.037818,0.003208,0.000007,-0.000000,-0.037818,-0.037818,-0.037515,0.000007,0.081138,0.000007,-0.037689,-0.000007,0.000007,0.000000,-0.037818,-0.034673,-0.037818
2015-10-31,-0.002208,-0.002371,-0.002165,0.000000,-0.002408,-0.002401,0.147576,0.147757,-0.002408,-0.002397,-0.002408,-0.002408,-0.000000,0.000000,-0.000011,-0.002408,-0.000405,0.082019,0.082019,-0.002366,0.000000,-0.000011,-0.002408,-0.002408,-0.001122,-0.000011,0.155421,0.000000,-0.000000,-0.000000,0.082019,-0.002408,0.004979,-0.000011,0.154255,0.147576,0.147576,-0.002408,-0.000011,-0.002408,0.147576,-0.002372,0.064497,-0.002408,0.006466,0.065739,0.065558,-0.002408,0.006218,-0.002408
2015-11-30,-0.000001,-0.000001,-0.000001,0.000000,-0.000001,-0.000001,0.082227,0.006767,-0.000001,-0.000001,-0.000001,-0.000001,-0.000000,0.075460,-0.000000,-0.000001,-0.000000,0.082200,0.082200,-0.000001,0.082041,-0.000000,-0.000001,-0.000001,-0.000000,-0.000000,0.000189,0.000000,-0.000000,-0.000000,0.082200,-0.000001,0.000002,-0.000000,0.082229,0.082227,0.082227,-0.000001,-0.000000,-0.000001,0.082227,-0.000001,0.000026,-0.000001,0.000003,0.000027,0.000027,-0.000001,0.000003,-0.000001
2015-12-31,-0.005245,-0.005245,-0.005245,0.000150,-0.000000,-0.005162,0.063384,0.014869,-0.005162,-0.000000,-0.005245,-0.005245,-0.000000,0.050529,-0.005245,-0.005245,-0.005012,0.063235,0.063384,0.011769,0.061100,0.014866,-0.005245,-0.000000,-0.005012,-0.000000,0.000000,0.000000,-0.000000,0.014838,0.063384,-0.005245,-0.005245,-0.000000,0.063384,0.063384,0.078101,-0.005245,-0.000000,0.011686,0.063384,-0.005245,-0.005245,-0.000000,-0.005245,-0.005245,0.000150,-0.005162,-0.005245,-0.005245
2016-01-31,0.013344,-0.027247,-0.029050,0.037577,-0.014465,-0.029050,0.047002,0.000234,-0.021795,-0.014503,-0.021796,-0.021796,-0.000000,0.037684,-0.021796,-0.029050,-0.029049,0.000135,0.000135,-0.028783,0.001721,-0.028204,-0.029050,-0.002460,-0.029049,-0.000000,0.046867,0.048457,-0.000000,0.000032,0.000135,-0.029050,-0.027247,-0.000000,0.037712,0.000135,0.000369,-0.029050,-0.001929,-0.026980,0.000135,-0.029050,-0.021796,0.038188,0.065997,-0.028520,0.000000,-0.029050,-0.029050,-0.029050
2016-02-29,-0.054378,-0.054430,-0.054432,0.001809,-0.008937,0.068412,0.000284,0.000000,0.008931,-0.014124,0.001060,0.008931,-0.000000,-0.053734,-0.016818,-0.014755,-0.052454,0.000000,0.000000,0.001051,0.000002,-0.054431,-0.000650,-0.000003,0.001050,-0.000000,0.092703,-0.054039,-0.054326,0.000000,0.000000,-0.054432,-0.052451,-0.000000,0.000048,0.007181,0.001761,-0.054432,0.110306,0.068414,0.000000,-0.054432,-0.002712,-0.015945,-0.052080,-0.000649,-0.016177,-0.054432,0.109659,-0.000106
2016-03-31,-0.000189,-0.000189,-0.000189,0.000000,-0.000002,0.000372,0.172178,0.051900,-0.000173,-0.000004,-0.000175,-0.000173,-0.000000,-0.000189,-0.000004,-0.000004,-0.000189,0.172178,0.172178,-0.000175,0.000000,-0.000028,-0.000000,-0.000000,-0.000175,-0.000000,-0.000104,-0.000028,-0.000189,0.172178,0.172178,-0.000189,-0.000189,0.172178,0.172178,0.120709,0.172179,-0.000028,0.000071,0.000372,0.172607,-0.000189,-0.000001,-0.000004,-0.000189,-0.000000,0.000318,-0.000189,0.000071,-0.000000
2016-04-30,-0.000000,-0.000000,-0.000000,0.090578,0.091635,0.000000,0.091849,0.091813,-0.000000,-0.000000,-0.000000,-0.000000,-0.000000,-0.000000,-0.000000,-0.000000,-0.000000,0.091849,0.091849,-0.000000,0.084285,-0.000000,-0.000000,-0.000000,-0.000000,-0.000000,-0.000000,-0.000000,-0.000000,0.091849,0.091849,-0.000000,-0.000000,0.007564,0.001271,0.000036,0.091849,-0.000000,0.000000,0.000000,0.000214,-0.000000,-0.000000,-0.000000,-0.000000,-0.000000,0.000000,-0.000000,0.000000,-0.000000
2016-05-31,-0.000000,-0.000000,-0.000000,0.107603,0.107604,0.000000,0.107604,0.006203,-0.000000,-0.000000,-0.000000,-0.000000,-0.000000,-0.000000,-0.000000,-0.000000,-0.000000,0.107604,0.107604,-0.000000,0.107599,-0.000000,-0.000000,-0.000000,-0.000000,-0.000000,-0.000000,-0.000000,-0.000000,0.107604,0.107604,-0.000000,-0.000000,0.000005,0.000001,0.000000,0.107604,-0.000000,0.000000,0.000000,0.000000,-0.000000,-0.000000,-0.000000,-0.000000,0.101401,0.000000,-0.000000,0.000000,-0.000000
2016-06-30,-0.000000,-0.000000,-0.000000,0.043829,0.062613,0.000000,0.062613,0.018785,-0.000000,-0.000000,-0.000000,-0.000000,-0.000000,-0.000000,-0.000000,-0.000000,-0.000000,0.062613,0.062613,-0.000000,0.001238,-0.000000,-0.000000,0.062578,-0.000000,-0.000000,-0.000000,0.036463,-0.000000,0.062613,0.062613,-0.000000,-0.000000,0.000000,0.000000,0.000000,0.062613,-0.000000,0.000000,0.000000,0.000000,-0.000000,-0.000000,0.006128,-0.000000,0.018817,0.000000,-0.000000,0.000000,-0.000000
2016-07-31,-0.000000,-0.000000,-0.000000,0.000064,0.114436,0.000000,0.114436,0.114372,-0.000000,0.058363,-0.000000,-0.000000,-0.000000,-0.000000,-0.000000,0.114170,-0.000000,0.001584,0.000266,-0.000000,0.000002,0.058363,-0.000000,0.114436,-0.000000,-0.000000,-0.000000,0.007894,-0.000000,0.056074,0.056074,-0.000000,-0.000000,0.000000,0.000000,0.000000,0.114436,-0.000000,0.000000,0.000000,0.000000,-0.000000,-0.000000,0.000009,-0.000000,0.113055,0.000000,-0.000000,0.000000,0.106330
2016-08-31,-0.000000,-0.000000,-0.000000,0.000000,0.158228,0.000000,0.158228,0.158228,-0.000000,0.000105,-0.000000,-0.000000,-0.000000,0.000625,-0.000000,0.158228,-0.000000,0.000001,0.000000,-0.000000,0.000000,0.158207,0.153758,0.158228,-0.000000,-0.000000,-0.000000,0.000628,-0.000000,0.003740,0.158123,-0.000000,-0.000000,0.153758,0.000000,0.000000,0.158228,-0.000000,0.000000,0.000000,0.000000,-0.000000,-0.000000,0.000000,-0.000000,0.000126,0.000000,-0.000000,0.000000,0.003842
2016-09-30,-0.000000,-0.000000,-0.000000,0.048815,0.093286,0.038027,0.093286,0.093286,-0.000000,0.000000,-0.000000,-0.000000,-0.000000,0.000000,-0.000000,0.045710,-0.000000,0.000000,0.000000,-0.000000,0.000000,0.054019,0.001290,0.093286,-0.000000,-0.000000,-0.000000,0.000000,-0.000000,0.000001,0.093286,0.091994,-0.000000,0.093284,0.000000,0.000000,0.093286,-0.000000,0.000000,0.000000,0.000000,-0.000000,-0.000000,0.000000,-0.000000,0.000000,0.000000,-0.000000,0.000000,0.000001
2016-10-31,-0.000000,0.030317,-0.000000,0.098343,0.103326,0.000024,0.103326,0.103326,-0.000000,0.000000,-0.000000,-0.000000,-0.000000,0.000000,0.067885,0.000028,-0.000000,0.000000,0.000000,-0.000000,0.000000,0.005099,0.000001,0.005957,-0.000000,-0.000000,-0.000000,0.000000,-0.000000,0.000000,0.103326,0.103326,-0.000000,0.005957,0.000000,0.000000,0.103326,-0.000000,0.000000,0.000000,0.000000,-0.000000,-0.000000,0.029484,-0.000000,0.067885,0.000000,-0.000000,0.102325,0.000000
2016-11-30,-0.000000,0.000014,-0.000000,0.017897,0.086668,0.000000,0.086668,0.086668,-0.000000,0.000000,-0.000000,-0.000000,-0.000000,0.000000,0.003481,0.065859,-0.000000,0.000000,0.000000,-0.000000,0.000000,0.003401,0.000000,0.000003,-0.000000,-0.000000,-0.000000,0.000000,-0.000000,0.000000,0.083758,0.020809,0.086080,0.083173,0.000000,0.000000,0.086668,-0.000000,0.000000,0.000000,0.000000,-0.000000,-0.000000,0.000014,-0.000000,0.086651,0.000000,-0.000000,0.068867,0.000000
2016-12-31,-0.000000,0.000000,-0.000000,0.000269,0.093386,0.000000,0.000052,0.091850,0.093334,0.000000,0.093075,-0.000000,-0.000000,0.000000,0.000002,0.093373,-0.000000,0.000000,0.000000,0.093334,0.000000,0.000002,0.000000,0.000000,0.093334,-0.000000,-0.000000,0.000000,-0.000000,0.000000,0.000050,0.001549,0.093385,0.000050,0.000000,0.000000,0.093386,-0.000000,0.000000,0.000000,0.000000,-0.000000,-0.000000,0.000000,-0.000000,0.093386,0.000000,-0.000000,0.000041,0.000000
2017-01-31,-0.000000,0.000000,-0.000000,0.000000,0.086313,0.000000,0.000000,0.020723,0.086313,0.000000,0.086313,0.085477,-0.000000,0.000000,0.000000,0.069072,-0.000000,0.000000,0.000000,0.086313,0.000000,0.000000,0.000000,0.000000,0.086313,-0.000000,-0.000000,0.000000,-0.000000,0.000000,0.000000,0.000001,0.086313,0.000000,0.082830,0.000000,0.086313,-0.000000,0.000000,0.000000,0.000000,-0.000000,-0.000000,0.000000,-0.000000,0.000836,0.000000,-0.000000,0.000000,0.000000
2017-02-28,-0.000000,0.000000,-0.000000,0.000000,0.088044,0.000000,0.071837,0.082993,0.088044,0.000000,0.088044,0.020429,-0.000000,0.000000,0.000000,0.000123,-0.000000,0.000000,0.000000,0.088044,0.000000,0.000000,0.000000,0.000000,0.088044,-0.000000,-0.000000,0.000000,-0.000000,0.000000,0.000000,0.000000,0.088044,0.000000,0.088040,0.000000,0.088044,-0.000000,0.000000,0.000000,0.000000,-0.000000,-0.000000,0.000000,0.000710,0.000001,0.000000,-0.000000,0.000000,0.000000
2017-03-31,-0.000000,0.000000,-0.000000,0.000000,0.093344,0.000000,0.093340,0.093343,0.093344,0.000000,0.093344,0.000006,-0.000000,0.000000,0.000000,0.000000,-0.000000,0.000000,0.000000,0.093344,0.000000,0.000000,0.000000,0.000000,0.093344,-0.000000,-0.000000,0.000000,-0.000000,0.000000,0.000000,0.000000,0.093344,0.000000,0.093344,0.000000,0.093344,-0.000000,0.000000,0.000000,0.000000,-0.000000,-0.000000,0.000000,0.000000,0.000000,0.000000,-0.000000,0.000000,0.000000
2017-04-30,0.082087,0.000000,-0.000000,0.034137,0.083743,0.000000,0.000278,0.083743,0.083743,0.000000,0.001656,0.000000,-0.000000,0.000000,0.000000,0.000000,-0.000000,0.000000,0.000000,0.083743,0.000000,0.000000,0.000000,0.000000,0.083743,-0.000000,-0.000000,0.000000,-0.000000,0.000000,0.000000,0.000000,0.083743,0.000000,0.083743,0.000000,0.083743,-0.000000,0.000000,0.000000,0.000000,-0.000000,-0.000000,0.000000,0.042709,0.006618,0.000000,-0.000000,0.000000,0.000000
2017-05-31,0.068302,0.000000,-0.000000,0.067850,0.068302,0.000000,0.051903,0.068302,0.068302,0.000000,0.000001,0.000000,-0.000000,0.000000,0.000000,0.000000,-0.000000,0.000000,0.000000,0.014106,0.000000,0.000000,0.000000,0.000000,0.002756,-0.000000,-0.000000,0.000000,-0.000000,0.000000,0.000000,0.000000,0.068302,0.000000,0.068302,0.000000,0.068302,-0.000000,0.000000,0.000000,0.000000,-0.000000,-0.000000,0.000000,0.068289,0.000002,0.000000,-0.000000,0.000000,0.000000
2017-06-30,0.073737,0.000000,-0.000000,0.073737,0.073737,0.000000,0.005217,0.073737,0.073737,0.000000,0.068514,0.000000,-0.000000,0.000000,0.000000,0.000000,-0.000000,0.000000,0.000000,0.000006,0.000000,0.000000,0.000000,0.000000,0.000001,-0.000000,-0.000000,0.000000,-0.000000,0.000000,0.000000,0.000000,0.073737,0.000000,0.073737,0.000000,0.073737,-0.000000,0.000000,0.000000,0.000000,-0.000000,-0.000000,0.000000,0.073737,0.000000,0.000000,-0.000000,0.000000,0.000000
2017-07-31,0.031212,0.000000,-0.000000,0.090996,0.090996,0.000000,0.000005,0.090996,0.090996,0.000000,0.090991,0.000000,-0.000000,0.000000,0.000000,0.000000,-0.000000,0.000000,0.000000,0.000000,0.000000,0.000000,0.000000,0.000000,0.059784,-0.000000,-0.000000,0.000000,-0.000000,0.000000,0.000000,0.000000,0.090996,0.000000,0.090996,0.000000,0.090996,-0.000000,0.000000,0.000000,0.000000,-0.000000,-0.000000,0.000000,0.090996,0.000000,0.000000,-0.000000,0.000000,0.000000
2017-08-31,0.076040,0.000000,-0.000000,0.084593,0.084593,0.000000,0.000000,0.084593,0.035330,0.000000,0.084593,0.000000,-0.000000,0.000000,0.000000,0.000000,-0.000000,0.000000,0.000000,0.000000,0.000000,0.000000,0.000000,0.000000,0.000273,-0.000000,-0.000000,0.000000,-0.000000,0.057542,0.000000,0.000000,0.009952,0.000000,0.084593,0.000000,0.084593,-0.000000,0.000000,0.000000,0.000000,-0.000000,-0.000000,0.000000,0.084593,0.074641,0.000000,-0.000000,0.000000,0.000000
2017-09-30,0.037703,0.000000,-0.000000,0.007368,0.089469,0.000000,0.000000,0.052998,0.089428,0.000000,0.089469,0.000000,-0.000000,0.000000,0.000000,0.000000,-0.000000,0.000000,0.000000,0.000000,0.000000,0.000000,0.000000,0.000000,0.000000,-0.000000,-0.000000,0.000000,-0.000000,0.088280,0.000000,0.000000,0.088239,0.000000,0.089469,0.000000,0.089469,-0.000000,0.000000,0.000000,0.000000,-0.000000,-0.000000,0.000000,0.089469,0.083331,0.000000,-0.000000,0.000000,0.000000
2017-10-31,0.000017,0.105569,-0.000000,0.080317,0.105690,0.000000,0.000000,0.000104,0.105690,0.000000,0.105690,0.000000,-0.000000,0.000000,0.000000,0.000000,-0.000000,0.000000,0.000000,0.000000,0.000000,0.000000,0.021111,0.000000,0.000000,-0.000000,-0.000000,0.000000,0.004144,0.024779,0.000000,0.000000,0.105689,0.000000,0.105690,0.000000,0.105690,-0.000000,0.000000,0.000000,0.000000,-0.000000,-0.000000,0.000000,0.105690,0.081028,0.000000,-0.000000,0.000000,0.000000
2017-11-30,0.063776,0.074554,0.034837,0.074544,0.012530,0.000000,0.039657,0.072448,0.000354,0.000000,0.000354,0.000000,-0.000000,0.000000,0.000000,0.000000,-0.000000,0.000000,0.000000,0.000000,0.000000,0.000000,0.000008,0.000000,0.000000,-0.000000,-0.000000,0.000000,0.074201,0.000010,0.074200,0.000000,0.000354,0.000000,0.074554,0.000000,0.074554,-0.000000,0.000000,0.000000,0.000000,-0.000000,-0.000000,0.000000,0.074554,0.000050,0.000000,-0.000000,0.000000,0.000000
2017-12-31,0.116328,0.116342,0.011724,0.116341,0.000016,0.000000,0.104617,0.116339,0.000000,0.000000,0.000000,0.000000,-0.000000,0.115955,0.000000,0.000000,-0.000000,0.000000,0.000000,0.000000,0.000000,0.000000,0.000000,0.000000,0.000000,-0.000000,-0.000000,0.000000,0.057007,0.000000,0.116341,0.000000,0.000000,0.000000,0.116342,0.000000,0.116342,-0.000000,0.000000,0.000000,0.000000,-0.000000,-0.000000,0.000000,0.000387,0.000000,0.000000,-0.000000,0.059334,0.000000
2018-01-31,0.014995,0.089222,0.074231,0.089222,0.000000,0.000000,0.089217,0.000102,0.000000,0.000000,0.000000,0.000000,-0.000000,0.000102,0.000000,0.000000,-0.000000,0.000000,0.000000,0.000000,0.086701,0.000000,0.000000,0.000000,0.000000,-0.000000,-0.000000,0.000000,0.089144,0.012979,0.000605,0.000000,0.000000,0.000000,0.076746,0.000000,0.089222,-0.000000,0.000000,0.000000,0.000000,-0.000000,-0.000000,0.000000,0.000000,0.014390,0.076141,-0.000000,0.089197,0.000000
2018-02-28,0.000011,0.058651,0.000056,0.058651,0.000000,0.000000,0.058651,0.000000,0.000000,0.000000,0.000000,0.000000,-0.000000,0.000000,0.000000,0.000000,-0.000000,0.000000,0.000000,0.000000,0.009856,0.048794,0.000000,0.000000,0.000000,-0.000000,-0.000000,0.048794,0.058651,0.000010,0.000000,0.000000,0.000000,0.058584,0.058642,0.000000,0.058651,-0.000000,0.000000,0.000000,0.000000,-0.000000,-0.000000,0.000000,0.000000,0.009801,0.000057,-0.000000,0.058651,0.000000
2018-03-31,0.000000,0.040528,0.000000,0.040528,0.000000,0.000000,0.040528,0.000000,0.003967,0.000000,0.000000,0.000000,-0.000000,0.012158,0.000000,0.000000,-0.000000,0.000000,0.000000,0.000000,0.000004,0.040524,0.039726,0.000000,0.000000,-0.000000,-0.000000,0.000019,0.040528,0.000000,0.000000,0.000000,0.000000,0.040528,0.040528,0.000000,0.040528,-0.000000,0.000000,0.000000,0.000000,-0.000000,0.024380,0.000000,0.000000,0.000004,0.000000,-0.000000,0.000801,0.000000
2018-04-30,0.000000,0.038539,0.000000,0.053927,0.000000,0.000000,0.053927,0.000000,0.000003,0.000000,0.000000,0.035430,-0.000000,0.053906,0.015388,0.000000,-0.000000,0.000000,0.000000,0.000000,0.000000,0.053927,0.053927,0.000000,0.000000,-0.000000,-0.000000,0.000000,0.053927,0.000000,0.000000,0.000000,0.000000,0.018497,0.053927,0.000000,0.053927,-0.000000,0.000000,0.000000,0.000000,-0.000000,0.000018,0.000000,0.000000,0.000000,0.000000,-0.000000,0.000001,0.000000
2018-05-31,0.000000,0.092099,0.000000,0.094326,0.000000,0.000000,0.094326,0.000000,0.000000,0.000000,0.000000,0.094314,-0.000000,0.028746,0.093889,0.000000,-0.000000,0.000000,0.000000,0.000000,0.000000,0.094326,0.015853,0.000000,0.000000,-0.000000,-0.000000,0.000000,0.094326,0.000000,0.000000,0.000000,0.000000,0.000013,0.094326,0.000000,0.094326,-0.000000,0.000000,0.000000,0.000000,-0.000000,0.050175,0.000000,0.000000,0.002217,0.000000,-0.000000,0.000000,0.000000
2018-06-30,0.000000,0.001093,0.000000,0.079063,0.000000,0.000000,0.079063,0.000000,0.000000,0.000000,0.000000,0.079063,-0.000000,0.079033,0.001094,0.000000,-0.000000,0.000000,0.000000,0.000000,0.000000,0.079063,0.077976,0.000000,0.000000,-0.000000,-0.000000,0.000000,0.079063,0.000000,0.000000,0.000000,0.000000,0.032230,0.079063,0.000000,0.079063,-0.000000,0.000000,0.000000,0.000000,-0.000000,0.045763,0.000000,0.000000,0.000001,0.000000,-0.000000,0.000000,0.000000
2018-07-31,0.000000,0.000001,0.000000,0.080072,0.000000,0.000000,0.080072,0.000000,0.000000,0.000000,0.000000,0.080072,0.015994,0.080072,0.000001,0.000000,-0.000000,0.000000,0.000000,0.000000,0.000000,0.019225,0.080072,0.000000,0.000000,-0.000000,-0.000000,0.000000,0.080072,0.000000,0.000000,0.000000,0.000000,0.060865,0.080072,0.000000,0.080072,-0.000000,0.000000,0.000000,0.000000,-0.000000,0.064059,0.000000,0.000000,0.000000,0.000000,-0.000000,0.000000,0.000000
2018-08-31,0.000000,0.000000,0.000000,0.098849,0.098811,0.000000,0.098849,0.000000,0.000000,0.000000,0.000000,0.098849,0.000005,0.098849,0.000000,0.000000,-0.000000,0.000000,0.000000,0.000000,0.000000,0.006779,0.098849,0.000000,0.000000,-0.000000,-0.000000,0.000000,0.098849,0.000000,0.000000,0.000000,0.000000,0.008134,0.098849,0.090709,0.051781,-0.000000,0.000000,0.000000,0.000000,-0.000000,0.040329,0.000000,0.000000,0.000000,0.000000,-0.000000,0.000000,0.000000
2018-09-30,0.054323,0.000000,0.000000,0.106515,0.106515,0.000000,0.106515,0.000000,0.000000,0.000000,0.000000,0.063095,0.000000,0.106515,0.000000,0.000000,-0.000000,0.000000,0.000000,0.000000,0.000000,0.000008,0.063095,0.000000,0.000000,-0.000000,-0.000000,0.000000,0.043668,0.000000,0.000000,0.000000,0.000000,0.051954,0.106515,0.052182,0.097933,-0.000000,0.000000,0.000000,0.000000,-0.000000,0.106317,0.000000,0.000000,0.000000,0.000000,-0.000000,0.000000,0.000000
2018-10-31,0.000276,0.023594,0.000000,0.001692,0.029926,0.004972,0.029926,-0.016021,-0.016021,-0.016021,-0.010177,0.006421,0.000237,0.001692,0.000000,-0.016021,-0.000000,-0.016021,-0.016021,-0.016021,-0.016021,-0.016021,0.001685,0.000000,-0.016021,-0.000000,-0.000000,0.028234,0.001414,0.000000,-0.016021,0.000000,-0.016021,0.000008,0.001692,0.001652,-0.013794,-0.002181,0.000000,0.000000,0.000000,0.023594,0.001692,0.000000,-0.002181,0.000000,0.000000,-0.016021,0.000000,-0.002181
2018-11-30,0.008022,-0.030906,0.000000,0.000002,0.024225,0.000006,0.008318,-0.003400,0.016498,-0.030950,0.016504,0.025305,0.023861,0.001109,0.000000,-0.020346,-0.000000,-0.030950,-0.030950,-0.029638,-0.030950,-0.030950,0.024193,0.000000,0.027103,-0.000000,0.024191,-0.022367,0.000002,0.000000,-0.030950,0.000331,-0.030950,0.000000,0.030736,0.024193,-0.023257,-0.016948,0.000000,0.000000,0.000000,0.017854,0.030736,0.000000,-0.000002,0.000000,0.000000,0.027103,0.006542,-0.020330
2018-12-31,-0.029283,-0.029344,0.000000,0.000000,0.000038,-0.002361,0.000013,-0.000005,-0.027636,-0.029344,-0.027636,-0.026311,0.000038,0.000002,0.000000,-0.021867,-0.007485,-0.029344,-0.029344,-0.029342,-0.029344,-0.029344,0.000038,-0.021252,-0.027619,0.079053,0.000038,-0.029331,0.000000,0.022454,-0.029344,0.000001,-0.029344,0.000000,0.000048,-0.028674,-0.029332,-0.029322,0.085570,0.000000,0.000000,-0.027633,-0.019787,0.079053,0.045279,0.056599,0.000000,-0.027619,0.000010,0.003581
2019-01-31,-0.032061,0.051507,0.000000,0.000000,0.036720,0.105509,0.005189,-0.000000,-0.001330,-0.047526,-0.048161,-0.032860,-0.047927,0.000000,0.000000,-0.017391,-0.000006,-0.048163,-0.048163,-0.048163,-0.048163,-0.032863,0.000000,-0.001976,-0.048161,0.004012,0.036720,-0.017196,0.000000,0.036739,-0.032863,0.123613,-0.048163,0.036720,0.036519,-0.000034,0.047782,-0.000034,0.003897,0.054087,0.036720,-0.048161,-0.048155,0.000096,-0.016004,0.000633,0.000000,-0.048161,0.086893,-0.048136
2019-02-28,-0.000177,-0.000100,0.195052,0.000000,0.195439,0.000450,0.000358,0.195052,-0.000001,-0.000191,-0.000191,0.076286,-0.000191,0.195052,0.000000,-0.000016,-0.000000,-0.000191,-0.000191,-0.000191,-0.000191,-0.000030,0.195052,-0.000002,-0.000191,0.000004,0.195439,-0.000016,0.000000,0.114518,-0.000030,0.195518,-0.000191,0.000387,0.022514,0.172925,-0.000104,-0.000000,0.000004,0.005008,0.195439,-0.000191,-0.000191,0.000000,-0.000015,0.000001,0.000000,-0.000191,0.000079,-0.000191
2019-03-31,-0.000000,-0.000000,0.086782,0.000000,0.086782,0.000000,0.000000,0.050406,-0.000000,-0.000000,-0.000000,0.007117,-0.000000,0.086782,0.044259,-0.000000,-0.000000,-0.000000,-0.000000,-0.000000,-0.000000,-0.000000,0.086782,-0.000000,-0.000000,0.000000,0.086782,-0.000000,0.080635,0.000028,-0.000000,0.086782,-0.000000,0.000000,0.000006,0.042518,-0.000000,-0.000000,0.000000,0.000001,0.086782,-0.000000,-0.000000,0.035376,-0.000000,0.000000,0.000000,-0.000000,0.000000,-0.000000
2019-04-30,-0.000000,-0.000000,0.127973,0.000000,0.127973,0.000000,0.000000,0.126912,-0.000000,-0.000000,-0.000000,0.000006,0.001032,0.030726,0.001205,-0.000000,-0.000000,-0.000000,-0.000000,-0.000000,-0.000000,-0.000000,0.127973,-0.000000,-0.000000,0.000000,0.127973,0.120596,0.127968,0.000000,-0.000000,0.127973,-0.000000,0.000000,0.000000,0.006172,-0.000000,-0.000000,0.000000,0.000000,0.127973,-0.000000,-0.000000,0.097276,-0.000000,0.000000,0.000000,-0.000000,0.000000,-0.000000
2019-05-31,-0.000000,-0.000000,0.000288,0.000000,0.086754,0.000000,0.000000,0.010206,-0.000000,-0.000000,-0.000000,0.000000,0.000000,0.032311,0.085039,-0.000000,0.077974,-0.000000,-0.000000,-0.000000,-0.000000,-0.000000,0.042509,-0.000000,-0.000000,0.000000,0.086754,0.010205,0.086754,0.000000,-0.000000,0.078263,-0.000000,0.085038,0.000000,0.000002,-0.000000,-0.000000,0.054163,0.000000,0.086754,-0.000000,-0.000000,0.044525,-0.000000,0.000000,0.000000,-0.000000,0.000000,-0.000000
2019-06-30,-0.000000,-0.000000,0.000000,0.000000,0.116192,0.000000,0.000000,0.000011,-0.000000,-0.000000,-0.000000,0.000000,0.007961,0.000035,0.116190,-0.000000,0.116183,-0.000000,-0.000000,-0.000000,-0.000000,-0.000000,0.047411,-0.000000,-0.000000,0.000000,0.009569,0.000011,0.116192,0.059258,-0.000000,0.116183,-0.000000,0.116190,0.000000,0.000000,-0.000000,-0.000000,0.001573,0.000000,0.116192,-0.000000,-0.000000,0.116147,-0.000000,0.000000,0.106623,-0.000000,0.000000,-0.000000
2019-07-31,-0.000000,-0.000000,0.085865,0.000000,0.085963,0.000000,0.000000,0.085555,-0.000000,-0.000000,-0.000000,0.000000,0.000002,0.000000,0.085963,-0.000000,0.073943,-0.000000,-0.000000,-0.000000,-0.000000,-0.000000,0.071839,-0.000000,-0.000000,0.000000,0.000003,0.000000,0.085963,0.000082,-0.000000,0.014138,-0.000000,0.085963,0.000000,0.000000,-0.000000,-0.000000,0.000000,0.000000,0.085963,-0.000000,-0.000000,0.014448,-0.000000,0.000000,0.083940,-0.000000,0.000000,-0.000000
2019-08-31,-0.000000,-0.000000,0.062548,0.000000,0.030649,0.000000,0.000000,0.029807,-0.000000,-0.000000,-0.000000,0.000000,0.062403,0.000000,0.000146,-0.000000,0.058260,-0.000000,-0.000000,-0.000000,-0.000000,-0.000000,0.062544,-0.000000,-0.000000,0.031900,0.000000,0.000000,0.062548,0.062524,-0.000000,0.031904,-0.000000,0.062548,0.000000,0.000000,-0.000000,-0.000000,0.000000,0.000000,0.062548,-0.000000,-0.000000,0.000004,-0.000000,0.000000,0.005151,-0.000000,0.000000,-0.000000
2019-09-30,-0.000000,-0.000000,0.006090,0.000000,0.000041,0.000000,0.000000,0.000040,-0.000000,-0.000000,-0.000000,0.000000,0.105640,0.000000,0.000000,-0.000000,0.105634,-0.000000,-0.000000,-0.000000,-0.000000,-0.000000,0.030317,-0.000000,-0.000000,0.105599,0.000000,0.000000,0.105640,0.105640,-0.000000,0.000982,-0.000000,0.105640,0.000000,0.000000,-0.000000,-0.000000,0.069406,0.000000,0.105640,-0.000000,0.099550,0.000000,-0.000000,0.000000,0.005925,-0.000000,0.104617,-0.000000
2019-10-31,0.038359,-0.000000,0.000002,0.000000,0.112820,0.000000,0.000000,0.038359,-0.000000,-0.000000,-0.000000,0.000000,0.127863,0.000000,0.000000,-0.000000,0.000071,-0.000000,-0.000000,-0.000000,0.125335,-0.000000,0.074471,-0.000000,-0.000000,0.002528,0.000000,0.000000,0.127863,0.015043,-0.000000,0.000000,-0.000000,0.127863,0.000000,0.074461,-0.000000,-0.000000,0.015031,0.000000,0.127863,-0.000000,0.127861,0.012515,-0.000000,0.000000,0.115279,-0.000000,0.015043,-0.000000
2019-11-30,0.171474,-0.000000,0.000000,0.000000,0.171554,0.000000,0.000000,0.171474,-0.000000,-0.000000,-0.000000,0.000000,0.171570,0.000000,0.000000,-0.000000,0.000000,-0.000000,-0.000000,-0.000000,0.171567,-0.000000,0.000080,-0.000000,-0.000000,0.000003,0.000000,0.000000,0.171570,0.000016,0.171000,0.000000,-0.000000,0.171570,0.000000,0.000080,0.168177,-0.000000,0.000016,0.000000,0.000570,-0.000000,0.171570,0.000013,-0.000000,0.000000,0.003379,-0.000000,0.000016,-0.000000
2019-12-31,0.144269,-0.000000,0.000000,0.000000,0.144269,0.000000,0.000000,0.000235,0.008082,0.135953,0.008082,0.000000,0.143106,0.000000,0.000000,-0.000000,0.000000,-0.000000,-0.000000,-0.000000,0.001398,-0.000000,0.000000,-0.000000,0.144034,0.000000,0.000000,0.000000,0.144269,0.000000,0.000235,0.000000,-0.000000,0.144269,0.000000,0.000000,0.144268,-0.000000,0.000000,0.000000,0.000000,-0.000000,0.144269,0.000000,0.135953,0.000000,0.000002,-0.000000,0.000000,-0.000000
2020-01-31,0.072640,-0.000000,0.000000,0.000000,0.072640,0.000000,0.000000,0.000000,0.000002,0.072638,0.000002,0.000000,0.041833,0.000000,0.000000,-0.000000,0.000000,-0.000000,-0.000000,-0.000000,0.000000,0.029611,0.000000,-0.000000,0.043028,0.000000,0.000000,0.000000,0.072640,0.000000,0.029611,0.000000,-0.000000,0.072640,0.000000,0.000000,0.072640,-0.000000,0.000000,0.000000,0.000000,-0.000000,0.072640,0.001195,0.072638,0.000000,0.000000,-0.000000,0.000000,-0.000000
2020-02-29,0.036834,-0.000000,0.000000,0.036106,0.036834,0.000000,0.000000,0.000000,0.000000,0.018049,0.000000,0.000000,0.033906,0.000000,0.000000,-0.000000,0.000000,-0.000000,-0.000000,-0.000000,0.000000,0.000017,0.000000,-0.000000,0.000711,0.000000,0.000000,0.000000,0.036834,0.000000,0.000017,0.000000,0.002911,0.036834,0.000000,0.000000,0.036834,-0.000000,0.000000,0.000000,0.000000,-0.000000,0.036834,0.000001,0.036834,0.000000,0.018786,-0.000000,0.000000,-0.000000
2020-03-31,0.000060,0.005667,-0.008667,0.000060,0.000060,-0.000052,-0.000347,-0.007485,0.018098,0.000010,-0.008667,-0.008466,0.005726,0.019727,-0.008667,-0.007485,-0.008667,-0.008667,-0.008667,-0.008667,-0.005804,-0.006691,-0.008667,-0.002348,0.019779,-0.001629,0.000000,-0.007485,0.000060,-0.007485,-0.008372,-0.002348,-0.008614,0.000060,-0.000296,-0.008667,0.000060,-0.008667,-0.008372,-0.008466,-0.008466,0.018299,0.005728,-0.001629,0.000060,-0.001924,0.000050,0.018299,-0.000052,-0.008667
2020-04-30,0.000000,0.000007,-0.000014,0.000243,0.000000,-0.000000,-0.000000,-0.023926,-0.016464,0.000000,-0.015090,-0.022778,0.035828,-0.002024,-0.023927,-0.023926,-0.023654,-0.002074,-0.002074,-0.023927,-0.001798,-0.000012,-0.002074,-0.000007,-0.015313,0.008770,0.000000,-0.016213,-0.009698,0.001270,-0.002074,0.041811,0.001268,0.000000,0.036064,-0.023927,0.000000,-0.009787,0.026309,-0.002074,-0.023927,-0.022729,0.000007,-0.000002,0.000000,-0.000002,-0.009698,0.009881,0.035822,-0.023927
2020-05-31,0.087816,0.000000,0.003690,0.050758,0.091506,0.040748,0.087816,-0.003015,-0.001789,0.091506,-0.003008,-0.003014,0.003716,-0.000001,-0.000478,-0.003015,-0.003014,-0.000002,-0.000002,-0.003015,-0.000001,0.037058,-0.000002,0.003690,-0.001788,-0.001578,0.091506,-0.000012,-0.000467,-0.001583,-0.000002,-0.002774,-0.002803,0.087816,0.054474,-0.000478,0.087816,-0.000468,-0.000441,-0.000002,-0.003015,-0.003014,0.003690,-0.000000,0.091506,-0.000000,-0.000467,-0.001577,0.003716,-0.003015
2020-06-30,0.053802,0.051634,0.000001,0.053794,0.053803,0.000312,0.053802,-0.000001,-0.000000,0.000060,-0.000001,-0.000001,0.000001,-0.000000,-0.000000,-0.000001,-0.000001,-0.000000,-0.000000,-0.000001,-0.000000,0.010755,-0.000000,0.000001,-0.000000,-0.000000,0.053803,0.040886,-0.000000,-0.000000,-0.000000,-0.000001,-0.000001,0.053802,0.002162,-0.000000,0.053802,-0.000000,-0.000000,-0.000000,-0.000001,-0.000001,0.001807,-0.000000,0.053803,-0.000000,-0.000000,-0.000000,0.000001,-0.000001
2020-07-31,0.054911,0.054911,0.000000,0.054911,0.054911,0.000000,0.054911,-0.000000,-0.000000,0.000000,-0.000000,-0.000000,0.000000,-0.000000,-0.000000,-0.000000,-0.000000,-0.000000,-0.000000,-0.000000,-0.000000,0.000004,-0.000000,0.000000,-0.000000,-0.000000,0.054911,0.000026,-0.000000,-0.000000,-0.000000,-0.000000,-0.000000,0.054911,0.054784,-0.000000,0.054911,-0.000000,-0.000000,-0.000000,-0.000000,-0.000000,0.000098,-0.000000,0.054911,-0.000000,-0.000000,-0.000000,0.000000,-0.000000
2020-08-31,0.056808,0.000550,0.000000,0.056808,0.056808,0.000000,0.056808,-0.000000,-0.000000,0.000000,-0.000000,-0.000000,0.000000,0.037323,-0.000000,-0.000000,-0.000000,-0.000000,-0.000000,-0.000000,-0.000000,0.000000,-0.000000,0.000000,-0.000000,-0.000000,0.000093,0.019393,-0.000000,-0.000000,-0.000000,-0.000000,-0.000000,0.056808,0.056808,-0.000000,0.056808,-0.000000,-0.000000,-0.000000,-0.000000,-0.000000,0.000000,0.056258,0.056808,-0.000000,-0.000000,-0.000000,0.000000,-0.000000
2020-09-30,0.039951,0.000000,0.000000,0.039951,0.039951,0.000000,0.039951,-0.000000,-0.000000,0.000000,-0.000000,-0.000000,0.000000,0.033274,-0.000000,-0.000000,-0.000000,-0.000000,-0.000000,-0.000000,-0.000000,0.000000,-0.000000,0.000000,-0.000000,-0.000000,0.000000,0.039913,-0.000000,-0.000000,0.039906,-0.000000,-0.000000,0.006715,0.039951,-0.000000,0.039951,-0.000000,-0.000000,-0.000000,-0.000000,-0.000000,0.000000,0.000045,0.039951,-0.000000,-0.000000,-0.000000,0.000000,-0.000000
2020-10-31,0.047453,0.000000,0.000000,0.047453,0.047453,0.000000,0.047453,-0.000000,-0.000000,0.000000,-0.000000,-0.000000,0.000000,0.047449,-0.000000,-0.000000,-0.000000,-0.000000,-0.000000,-0.000000,-0.000000,0.000000,-0.000000,0.000000,-0.000000,-0.000000,0.000000,0.047453,-0.000000,-0.000000,0.000110,-0.000000,-0.000000,0.000003,0.047453,-0.000000,0.047453,-0.000000,-0.000000,-0.000000,-0.000000,-0.000000,0.000000,0.047342,0.047453,-0.000000,-0.000000,-0.000000,0.000000,-0.000000
2020-11-30,0.058368,0.000000,0.000000,0.058368,0.058368,0.000000,0.058368,-0.000000,-0.000000,0.000000,-0.000000,-0.000000,0.000000,0.058368,-0.000000,-0.000000,-0.000000,-0.000000,-0.000000,-0.000000,-0.000000,0.000000,-0.000000,0.000000,-0.000000,-0.000000,0.000000,0.004807,-0.000000,-0.000000,0.000000,-0.000000,-0.000000,0.000000,0.058368,0.023793,0.058368,-0.000000,-0.000000,-0.000000,-0.000000,-0.000000,0.029768,0.058368,0.058368,-0.000000,-0.000000,-0.000000,0.000000,-0.000000
2020-12-31,0.102406,0.000000,0.000000,0.000486,0.102406,0.000000,0.102406,0.030722,-0.000000,0.000000,-0.000000,-0.000000,0.000000,0.071684,-0.000000,-0.000000,-0.000000,-0.000000,-0.000000,-0.000000,-0.000000,0.000000,0.000404,0.000000,-0.000000,-0.000000,0.000000,0.000003,-0.000000,-0.000000,0.000000,-0.000000,0.030722,0.000000,0.071684,0.101937,0.102406,-0.000000,-0.000000,-0.000000,-0.000000,-0.000000,0.101982,0.102406,0.102406,-0.000000,-0.000000,-0.000000,0.000000,-0.000000
2021-01-31,0.059062,0.000000,0.000000,0.000000,0.059062,0.000000,0.059062,0.059014,-0.000000,0.000000,-0.000000,-0.000000,0.000000,0.000047,-0.000000,-0.000000,-0.000000,-0.000000,-0.000000,-0.000000,-0.000000,0.000000,0.000000,0.000000,-0.000000,-0.000000,0.000000,0.000000,-0.000000,-0.000000,0.000000,-0.000000,0.055318,0.000000,0.027819,0.059061,0.059062,-0.000000,-0.000000,-0.000000,-0.000000,-0.000000,0.059061,0.034985,0.059062,-0.000000,-0.000000,-0.000000,0.000000,-0.000000
2021-02-28,0.057522,0.000000,0.000000,0.000000,0.057522,0.000000,0.023640,0.057522,-0.000000,0.000000,-0.000000,-0.000000,0.000000,0.000000,-0.000000,-0.000000,0.000946,-0.000000,-0.000000,0.032936,-0.000000,0.000000,0.000000,0.000000,-0.000000,-0.000000,0.056385,0.000000,-0.000000,-0.000000,0.000000,-0.000000,0.057518,0.000000,0.000031,0.001137,0.057522,-0.000000,-0.000000,-0.000000,-0.000000,-0.000000,0.057522,0.057495,0.057522,-0.000000,-0.000000,-0.000000,0.000000,-0.000000
2021-03-31,0.009091,0.000000,0.000000,0.000000,0.001776,0.000000,0.000007,0.062886,-0.000000,0.000000,0.052317,0.053795,0.000000,0.000000,-0.000000,-0.000000,0.062836,-0.000000,0.000248,0.062879,-0.000000,0.000000,0.000000,0.000000,0.061110,-0.000000,0.000050,0.010271,-0.000000,-0.000000,0.000000,-0.000000,0.062886,0.000000,0.000000,0.000000,0.010569,-0.000000,-0.000000,-0.000000,-0.000000,0.062588,0.052615,0.000050,0.062886,-0.000000,-0.000000,-0.000000,0.000000,-0.000000
2021-04-30,0.000007,0.000000,0.000000,0.000000,0.000001,0.000000,0.000000,0.083104,0.083205,0.000000,0.083243,0.001146,0.000000,0.000000,-0.000000,-0.000000,0.083251,-0.000000,0.000000,0.083251,-0.000000,0.000000,0.000000,0.000000,0.001151,-0.000000,0.000000,0.039648,-0.000000,-0.000000,0.000000,-0.000000,0.083251,0.000000,0.000000,0.000000,0.005712,-0.000000,-0.000000,-0.000000,-0.000000,0.083251,0.076434,0.000000,0.083251,-0.000000,-0.000000,0.042458,0.000000,0.000147
2021-05-31,0.000000,0.000000,0.000000,0.000000,0.000000,0.000000,0.000000,0.040947,0.099878,0.000000,0.008225,0.000001,0.000000,0.000000,-0.000000,-0.000000,0.001382,0.091653,0.040715,0.099878,-0.000000,0.000000,0.000000,0.000000,0.058932,-0.000000,0.000000,0.006881,-0.000000,-0.000000,0.000000,-0.000000,0.099878,0.000000,0.000000,0.000000,0.092808,-0.000000,-0.000000,-0.000000,-0.000000,0.059163,0.098721,0.000000,0.099878,-0.000000,-0.000000,0.099839,0.000000,0.000000
2021-06-30,0.000000,0.000000,0.000000,0.000000,0.000000,0.000000,0.000000,0.000016,0.098346,0.000000,0.000003,0.000000,0.000000,0.000000,-0.000000,-0.000000,0.000001,0.098343,0.002715,0.098346,-0.000000,0.000000,0.000000,0.000000,0.097942,-0.000000,0.000000,0.000391,-0.000000,-0.000000,0.000000,-0.000000,0.098346,0.000000,0.000000,0.000000,0.096032,-0.000000,-0.000000,-0.000000,-0.000000,0.097942,0.098346,0.000000,0.098346,-0.000000,-0.000000,0.098346,0.000000,0.000000
2021-07-31,0.000000,0.000000,0.000000,0.000000,0.000000,0.000000,0.000000,0.000000,0.034573,0.000000,0.000000,0.041834,0.000000,0.000000,-0.000000,-0.000000,0.000000,0.082027,0.047455,0.082027,-0.000000,0.000000,0.081836,0.000000,0.000191,-0.000000,0.000000,0.000000,-0.000000,-0.000000,0.000000,-0.000000,0.082027,0.000000,0.000000,0.000000,0.082026,-0.000000,-0.000000,-0.000000,-0.000000,0.040193,0.082027,0.000000,0.082027,-0.000000,-0.000000,0.082027,0.000000,0.000000
2021-08-31,0.000000,0.000000,0.000000,0.000000,0.000000,0.000000,0.000000,0.000000,0.000017,0.000000,0.000000,0.000099,0.000000,0.000000,-0.000000,-0.000000,0.000000,0.104440,0.104423,0.104440,-0.000000,0.000000,0.104440,0.000000,0.000000,-0.000000,0.103732,0.000000,-0.000000,-0.000000,0.000000,-0.000000,0.104440,0.000000,0.000000,0.000000,0.104440,0.104321,-0.000000,-0.000000,-0.000000,0.000020,0.104440,0.000000,0.000708,-0.000000,-0.000000,0.104440,0.000000,0.000000
2021-09-30,0.000000,0.000000,0.000000,0.000000,0.000000,0.000000,0.000000,0.000000,0.009554,0.000000,0.000000,0.073739,0.000000,0.000000,-0.000000,-0.000000,0.000000,0.083571,0.083571,0.083571,-0.000000,0.000000,0.083571,0.000000,0.000000,-0.000000,0.083570,0.000000,-0.000000,-0.000000,0.000000,-0.000000,0.083571,0.000000,0.000000,0.000000,0.083571,0.000067,-0.000000,-0.000000,-0.000000,0.048667,0.009832,0.000000,0.025283,-0.000000,-0.000000,0.083571,0.000000,0.000000
2021-10-31,0.000000,0.000000,0.000000,0.000000,0.000000,0.000000,0.000000,0.000000,0.038522,0.000000,0.000000,0.094479,0.000000,0.000000,-0.000000,-0.000000,0.000000,0.007781,0.007781,0.094485,-0.000000,0.000000,0.094485,0.000000,0.000000,-0.000000,0.086924,0.000000,-0.000000,-0.000000,0.000000,-0.000000,0.094485,0.000000,0.000000,0.000000,0.055969,0.000000,-0.000000,-0.000000,-0.000000,0.094296,0.000006,0.000000,0.093360,-0.000000,-0.000000,0.094485,0.000000,0.087792
2021-11-30,0.000000,0.000000,0.000000,0.000000,0.061696,0.000000,0.000000,0.000000,0.058248,0.000000,0.000000,0.061797,0.000000,0.000000,-0.000000,-0.000000,0.000000,0.000003,0.000003,0.061797,-0.000000,0.000000,0.061797,0.000000,0.000000,-0.000000,0.061296,0.000000,-0.000000,-0.000000,0.000000,-0.000000,0.003562,0.000000,0.000000,0.000000,0.061783,0.021096,-0.000000,-0.000000,-0.000000,0.000599,0.000000,0.000000,0.061796,-0.000000,-0.000000,0.061797,0.000000,0.040699
2021-12-31,0.000000,0.000000,0.000000,0.000000,0.059319,0.000000,0.000000,0.000000,0.000032,0.000000,0.000000,0.059319,0.022087,0.000000,-0.000000,-0.000000,0.000000,0.059121,0.059285,0.001173,0.030252,0.000000,0.059319,0.000000,0.000000,-0.000000,0.000197,0.058310,-0.000000,-0.000000,0.000000,-0.000000,0.000001,0.000976,0.000000,0.000000,0.059319,0.000008,-0.000000,0.058146,-0.000000,0.000000,0.000000,0.000000,0.059319,-0.000000,-0.000000,0.006979,0.000000,0.000025
2022-01-31,0.000000,0.000000,-0.005571,-0.005571,0.053574,-0.005571,-0.005571,0.000000,0.049252,-0.005571,-0.005571,0.053574,0.053422,-0.005571,-0.000000,-0.000000,0.010027,0.001037,0.004322,-0.005570,0.000145,-0.005571,0.053574,0.000000,-0.005571,-0.000000,0.000000,0.053573,-0.005571,-0.000000,-0.005571,-0.000000,0.000000,0.000001,0.010027,-0.005571,0.053574,0.014175,0.013370,0.053573,-0.005571,0.000000,-0.005571,0.000000,0.000174,-0.000000,-0.005571,0.052543,0.010027,0.049252
2022-02-28,0.000000,0.000000,-0.015570,-0.015570,0.007010,-0.003874,-0.015570,0.000000,-0.010547,-0.000007,-0.015570,0.007010,0.001155,-0.015570,-0.000000,0.006839,-0.015550,-0.015562,-0.015558,-0.015570,0.012529,-0.015570,-0.003696,-0.003867,0.024197,-0.000000,-0.003867,0.006026,0.028064,0.028071,-0.015570,-0.015563,0.024204,-0.003867,-0.015550,-0.015570,0.007010,-0.001470,0.000017,0.007010,-0.001495,0.006839,-0.001495,-0.015563,0.018383,-0.000000,0.024197,0.007008,-0.015550,0.007004
2022-03-31,0.000000,0.071423,-0.007112,-0.007112,0.095824,-0.000002,-0.006888,0.018397,-0.004988,-0.000000,-0.005858,0.089822,0.071423,-0.007112,0.000714,0.095824,-0.006888,-0.005372,-0.005301,-0.007112,-0.006641,-0.007112,-0.007029,-0.000002,-0.007071,0.007297,0.071421,0.024401,-0.007070,-0.001941,-0.007112,-0.000013,-0.007071,-0.007100,-0.007112,-0.005858,0.095824,-0.007106,0.000195,0.024402,-0.007106,0.096925,-0.007106,-0.001753,0.071430,-0.000000,-0.007071,0.024402,-0.000084,0.096925
2022-04-30,0.004862,0.004948,-0.034474,-0.034474,0.005213,0.051865,0.024595,0.005119,-0.032393,-0.000000,-0.034472,0.005206,0.051952,-0.034474,-0.032386,0.000352,-0.034474,-0.030279,-0.032358,-0.034474,-0.034473,-0.034474,0.015644,-0.000000,0.017723,0.000009,0.004948,-0.034137,-0.000583,-0.000002,-0.034474,-0.000000,-0.034474,-0.016465,0.024595,-0.034472,0.007122,-0.034474,0.000000,0.005127,-0.034474,0.005215,-0.014351,0.035836,0.049559,0.051865,-0.034474,0.015981,-0.000000,0.000353
2022-05-31,0.000898,0.070197,-0.030665,-0.030665,-0.030604,0.000142,-0.030504,0.031541,-0.030664,0.070194,-0.030665,0.000003,0.000142,-0.030665,-0.030664,0.000000,-0.030665,0.004380,0.004379,-0.030665,-0.029667,-0.030665,-0.030636,-0.000000,-0.030635,0.005104,0.000003,-0.029666,-0.010436,0.003996,0.082640,-0.000000,-0.030665,-0.029617,-0.030504,-0.030665,-0.028927,-0.030665,0.005104,0.000003,-0.030665,0.000003,0.089360,0.000021,0.000028,0.000142,-0.030665,-0.030636,0.053585,0.000000
2022-06-30,-0.000553,0.001762,-0.018541,-0.020447,0.052054,0.000000,-0.020447,0.044113,-0.020447,0.001762,-0.020447,0.071555,0.000000,-0.020447,0.028907,0.027455,-0.020447,-0.020433,-0.020433,-0.020447,-0.020447,-0.020094,-0.020447,-0.000000,-0.020447,0.000002,0.000000,-0.020447,-0.020357,-0.000075,-0.013378,0.000328,-0.020447,-0.020447,-0.020447,0.028553,-0.020447,-0.020447,0.000002,0.000000,-0.020447,0.027455,-0.020026,-0.000077,-0.018125,0.001716,-0.020447,-0.000415,-0.019563,0.027455
2022-07-31,-0.008459,0.045381,-0.018800,-0.018802,-0.018616,0.000000,-0.018802,-0.018463,-0.017787,0.037220,-0.017787,0.000173,0.000000,-0.018802,-0.018761,0.001049,-0.017787,-0.018802,-0.018802,-0.018802,-0.018802,0.024709,-0.018802,0.037218,-0.018802,0.005216,0.040164,-0.018802,-0.008761,-0.000000,-0.018796,0.077383,-0.018802,-0.018802,-0.018802,-0.018761,-0.018802,-0.018802,0.000000,0.072167,-0.018802,0.001049,-0.018801,-0.001185,-0.008505,0.000001,-0.017616,-0.018754,0.015626,0.000136
2022-08-31,-0.000003,0.003239,-0.008859,-0.027386,-0.027386,0.000000,-0.027386,0.075958,-0.027386,0.000014,-0.027386,0.000000,0.000000,-0.027386,-0.027386,0.000000,-0.027386,-0.027386,-0.027386,-0.022487,-0.027386,-0.005326,-0.027386,-0.001356,-0.027386,0.000002,0.000495,-0.026624,-0.007970,-0.000000,-0.027386,0.080963,-0.022597,-0.027386,-0.027386,-0.027386,-0.027386,-0.027386,0.000000,0.098118,-0.027386,0.002742,-0.027386,0.095377,-0.000113,0.080878,-0.026514,-0.027386,-0.026612,0.000000
2022-09-30,0.062659,0.000002,-0.035824,-0.035836,-0.035575,0.001464,-0.035836,0.000050,0.021936,0.000000,0.021936,0.000000,0.001464,-0.035575,-0.035836,0.000000,-0.026126,-0.035836,-0.035836,-0.035833,-0.034204,-0.035561,-0.035836,-0.000489,-0.035836,0.114240,0.000000,-0.003008,-0.024124,0.114240,-0.034204,0.000053,-0.035833,-0.035836,-0.035836,0.043474,-0.035575,-0.034204,0.000000,0.008773,-0.000018,0.000002,-0.035836,-0.035268,0.051662,0.000053,0.031646,-0.035836,-0.017897,0.000000
2022-10-31,0.000136,0.000000,-0.032054,-0.038036,-0.032054,0.000001,0.050383,-0.030881,-0.038010,0.000000,-0.038010,0.000000,-0.009284,-0.037061,-0.038036,0.000000,-0.038032,0.088142,0.088142,-0.001794,-0.038036,-0.038036,-0.038036,-0.000000,-0.001794,0.000160,0.000000,-0.031757,-0.038031,0.000160,0.089118,0.000000,-0.011079,0.089117,-0.001794,-0.037880,-0.037061,-0.001793,0.000000,0.000004,-0.000000,0.000000,-0.038036,0.005705,-0.036381,0.000000,-0.011048,-0.011079,-0.000008,0.000000
2022-11-30,0.018709,0.180467,-0.013029,-0.013033,-0.013029,0.200233,-0.006146,-0.002047,-0.000057,0.200233,-0.013033,0.200233,-0.000230,-0.013032,-0.002052,0.200233,-0.006308,-0.012844,-0.012844,-0.000001,-0.000281,-0.013033,-0.013033,-0.000000,-0.000001,0.000000,0.200233,-0.000276,-0.000281,0.019766,-0.012844,0.180467,-0.000231,-0.012844,-0.000225,-0.013033,-0.013032,-0.000001,0.000000,-0.001995,-0.000000,0.200233,-0.007246,-0.012064,-0.006306,0.205430,-0.000231,-0.000008,-0.000000,0.200233
2022-12-31,0.093135,0.000108,-0.024854,-0.066699,-0.066699,0.001866,0.002460,-0.000149,-0.065115,0.017655,-0.066699,0.001866,-0.066691,-0.066214,-0.000001,0.001866,-0.048136,-0.066698,-0.066698,0.002181,-0.000000,-0.048140,-0.066699,-0.000000,-0.000000,0.000000,0.001866,-0.000000,-0.000000,0.000012,-0.066698,0.000108,-0.000000,0.023962,0.059275,-0.000156,0.003547,-0.000000,0.077129,-0.000001,-0.000000,0.001866,-0.048136,-0.031630,0.111679,0.077252,-0.000000,-0.031747,0.001746,0.002301
2023-01-31,-0.001166,0.135956,-0.000011,-0.001316,-0.001316,0.132852,-0.001286,-0.000000,-0.001315,0.133416,-0.000059,0.133410,-0.001316,-0.001316,-0.000000,0.133410,-0.001308,-0.001316,-0.001316,0.000001,-0.000000,-0.001308,-0.001316,0.003105,-0.000000,0.002397,0.133410,-0.000000,-0.000000,0.000000,-0.001316,0.133409,-0.000000,-0.001196,0.000026,-0.000000,-0.000224,-0.000000,0.003207,0.001644,0.132851,0.132852,-0.001308,-0.000014,-0.001158,0.000660,-0.000000,-0.000239,0.000001,0.132852
2023-02-28,-0.000001,0.006196,-0.000000,-0.000001,-0.000001,0.025812,-0.000001,-0.000000,-0.000001,0.000171,-0.000000,0.107520,-0.000001,-0.000001,-0.000000,0.107520,-0.000001,-0.000001,-0.000001,0.000000,-0.000000,-0.000001,-0.000001,0.000003,0.081708,0.000002,0.107520,-0.000000,-0.000000,0.000000,-0.000001,0.107520,0.081708,-0.000001,0.019618,-0.000000,-0.000000,0.107349,0.000003,0.000001,0.107520,0.107520,-0.000001,-0.000000,-0.000001,0.000001,-0.000000,-0.000000,0.000000,0.107520
2023-03-31,-0.000000,0.000002,-0.000232,-0.000232,-0.000000,-0.000225,-0.000232,0.104942,-0.000232,-0.000232,-0.000232,0.000467,-0.000232,-0.000000,-0.000000,0.000467,-0.000232,-0.000232,-0.000232,0.000425,-0.000232,-0.000232,-0.000232,-0.000232,0.098112,-0.000232,0.007306,-0.000000,0.043586,0.104942,-0.000000,0.105616,0.054938,-0.000000,0.000431,-0.000000,0.105148,0.105615,0.007291,-0.000232,0.105616,0.105616,-0.000000,-0.000232,-0.000232,-0.000232,0.000631,-0.000232,0.000000,0.105616
2023-04-30,-0.000000,0.000000,-0.000000,-0.000000,0.087115,-0.000000,-0.000000,0.087405,-0.000000,-0.000000,-0.000000,0.000000,-0.000000,-0.000000,-0.000000,0.000000,-0.000000,-0.000000,-0.000000,0.000000,-0.000000,-0.000000,-0.000000,-0.000000,0.000283,-0.000000,0.035637,-0.000000,0.000041,0.007197,0.086196,0.087405,0.000242,-0.000000,0.080208,0.000919,0.087405,0.087405,0.000007,-0.000000,0.087405,0.051775,-0.000000,-0.000000,-0.000000,-0.000000,0.000001,-0.000000,0.000000,0.087405
2023-05-31,-0.000000,0.000000,-0.000000,-0.000000,0.000461,-0.000000,-0.000000,0.065327,-0.000000,-0.000000,-0.000000,0.000000,-0.000000,0.067916,-0.000000,0.000000,-0.000000,-0.000000,-0.000000,0.000000,-0.000000,-0.000000,-0.000000,-0.000000,0.000000,-0.000000,0.067927,-0.000000,0.000000,0.015866,0.067993,0.067994,0.000000,0.051668,0.067991,0.000000,0.067994,0.067994,0.000000,-0.000000,0.067994,0.000067,-0.000000,-0.000000,-0.000000,-0.000000,0.000000,-0.000000,0.000000,0.002744
2023-06-30,0.072202,0.000000,-0.000000,-0.000000,0.073414,-0.000000,-0.000000,0.073657,-0.000000,-0.000000,-0.000000,0.000000,-0.000000,0.073659,-0.000000,0.000000,-0.000000,-0.000000,-0.000000,0.000000,-0.000000,-0.000000,-0.000000,-0.000000,0.000000,-0.000000,0.036093,-0.000000,0.000000,0.000010,0.073659,0.000245,0.000000,0.069039,0.073659,0.000000,0.073659,0.073659,0.000000,-0.000000,0.006066,0.000000,-0.000000,-0.000000,0.037566,-0.000000,0.000000,-0.000000,0.000000,0.000002
2023-07-31,0.020711,0.000000,-0.000000,0.069521,0.070201,-0.000000,-0.000000,0.070201,-0.000000,-0.000000,-0.000000,0.000000,-0.000000,0.000680,-0.000000,0.000000,-0.000000,-0.000000,-0.000000,0.000000,-0.000000,-0.000000,-0.000000,-0.000000,0.000000,-0.000000,0.069549,-0.000000,0.000000,0.000000,0.070201,0.000000,0.000000,0.070198,0.070201,0.000000,0.070201,0.070201,0.000000,-0.000000,0.000005,0.046122,-0.000000,-0.000000,0.004020,-0.000000,0.000000,-0.000000,0.000000,0.000000
2023-08-31,0.000005,0.000000,-0.000000,0.067336,0.060560,-0.000000,-0.000000,0.067337,-0.000000,-0.000000,-0.000000,0.000000,-0.000000,0.066005,-0.000000,0.000000,-0.000000,-0.000000,-0.000000,0.000000,-0.000000,-0.000000,-0.000000,-0.000000,0.000186,-0.000000,0.067336,-0.000000,0.000000,0.000000,0.067337,0.000000,0.000000,0.007922,0.067337,0.000000,0.067337,0.067337,0.000000,-0.000000,0.000000,0.067330,-0.000000,-0.000000,0.000001,-0.000000,0.000000,-0.000000,0.000000,0.000000
2023-09-30,0.000000,0.000000,-0.000000,0.080710,0.075174,-0.000000,-0.000000,0.080710,-0.000000,-0.000000,-0.000000,0.000000,-0.000000,0.005716,-0.000000,0.000000,-0.000000,0.041162,0.000929,0.000000,-0.000000,-0.000000,-0.000000,-0.000000,0.032901,-0.000000,0.080710,-0.000000,0.000000,0.000000,0.080710,0.000000,0.000000,0.005537,0.080710,0.000000,0.080710,0.080710,0.000000,-0.000000,0.000000,0.080710,-0.000000,-0.000000,0.000000,-0.000000,0.000000,-0.000000,0.000000,0.000000
2023-10-31,0.000000,-0.011271,-0.011271,0.003269,0.003266,-0.000000,0.008457,0.035275,-0.011271,-0.011271,-0.011271,0.000000,-0.000000,0.000002,0.032006,-0.011271,-0.011271,0.043260,0.043183,-0.011271,-0.011271,0.008914,0.032006,-0.011271,-0.008194,-0.011271,0.035275,-0.011271,-0.008207,-0.011271,0.035275,-0.011271,-0.011271,0.000002,0.003269,-0.011271,0.035275,0.003269,-0.011271,-0.011271,-0.011271,0.032556,-0.011271,-0.001588,0.019696,-0.000000,0.000000,-0.011271,0.000000,-0.011271
2023-11-30,0.000000,-0.000011,-0.000011,0.104656,0.034298,-0.000000,0.102198,0.104692,-0.000011,-0.000011,-0.000011,0.000000,-0.000000,0.031421,0.000036,-0.000011,-0.000011,0.017564,0.017564,-0.000011,-0.000011,0.087140,0.072855,-0.000011,-0.000009,-0.000011,0.104692,-0.000011,-0.000009,-0.000011,0.104692,-0.000011,-0.000011,0.087134,0.070773,-0.000011,0.104692,0.000002,-0.000011,-0.000011,-0.000011,0.000037,-0.000011,-0.000004,0.002484,-0.000000,0.000000,-0.000011,0.000000,-0.000011
2023-12-31,0.000000,-0.000000,-0.000000,0.090916,0.090867,-0.000000,0.090914,0.090916,-0.000000,-0.000000,-0.000000,0.000000,-0.000000,0.090865,0.000000,-0.000000,-0.000000,0.000012,0.000012,-0.000000,-0.000000,0.090904,0.000050,-0.000000,-0.000000,-0.000000,0.090916,-0.000000,-0.000000,-0.000000,0.090916,-0.000000,-0.000000,0.001786,0.008948,-0.000000,0.090916,0.000000,-0.000000,-0.000000,-0.000000,0.000000,-0.000000,-0.000000,0.080222,-0.000000,0.000000,-0.000000,0.000000,-0.000000
2024-01-31,0.000000,-0.000000,-0.000000,0.069776,0.069776,-0.000000,0.010229,0.069776,-0.000000,-0.000000,-0.000000,0.000000,-0.000000,0.069776,0.000000,-0.000000,-0.000000,0.000000,0.000000,-0.000000,-0.000000,0.069382,0.069303,-0.000000,-0.000000,-0.000000,0.069776,-0.000000,-0.000000,-0.000000,0.069776,-0.000000,-0.000000,0.058443,0.000004,-0.000000,0.069776,0.000000,-0.000000,-0.000000,-0.000000,0.000000,-0.000000,-0.000000,0.001966,-0.000000,0.000000,-0.000000,0.000000,-0.000000
2024-02-29,0.000000,-0.000000,-0.000000,0.054160,0.054160,-0.000000,0.053909,0.054160,-0.000000,-0.000000,-0.000000,0.000000,-0.000000,0.054160,0.000000,-0.000000,-0.000000,0.000000,0.000000,-0.000000,-0.000000,0.054160,0.006372,-0.000000,-0.000000,-0.000000,0.054160,-0.000000,-0.000000,-0.000000,0.054160,-0.000000,-0.000000,0.000250,0.047788,-0.000000,0.054160,0.000000,-0.000000,-0.000000,-0.000000,0.000000,-0.000000,-0.000000,0.000001,-0.000000,0.000000,-0.000000,0.000000,-0.000000
2024-03-31,0.000000,-0.000000,-0.000000,0.001424,0.072005,-0.000000,0.072004,0.072005,-0.000000,-0.000000,-0.000000,0.000000,0.070581,0.072005,0.000000,-0.000000,-0.000000,0.000000,0.000000,-0.000000,-0.000000,0.000239,0.050171,-0.000000,-0.000000,-0.000000,0.072005,-0.000000,-0.000000,-0.000000,0.072005,-0.000000,-0.000000,0.000000,0.071998,-0.000000,0.072005,0.000000,-0.000000,-0.000000,-0.000000,0.000000,-0.000000,-0.000000,0.000000,-0.000000,0.000000,0.021601,0.000000,-0.000000
2024-04-30,0.000000,-0.000000,-0.000000,0.000000,0.062757,-0.000000,0.062757,0.062757,-0.000000,-0.000000,0.047689,0.000000,0.014713,0.062757,0.000000,-0.000000,-0.000000,0.000000,0.000000,-0.000000,-0.000000,0.000000,0.000017,-0.000000,0.000354,-0.000000,0.062757,-0.000000,-0.000000,-0.000000,0.062757,-0.000000,-0.000000,0.000000,0.062757,-0.000000,0.062757,0.000000,-0.000000,-0.000000,-0.000000,0.000000,-0.000000,-0.000000,0.000000,-0.000000,0.000000,0.062740,0.000000,-0.000000
2024-05-31,0.000000,-0.000000,-0.000000,0.000000,0.011942,-0.000000,0.101505,0.101505,-0.000000,-0.000000,0.099546,0.000000,0.101458,0.000337,0.000000,-0.000000,-0.000000,0.000000,0.000000,0.051768,-0.000000,0.000000,0.000000,-0.000000,0.039466,-0.000000,0.101505,-0.000000,-0.000000,-0.000000,0.101505,-0.000000,-0.000000,0.000000,0.101505,-0.000000,0.101505,0.000000,-0.000000,-0.000000,-0.000000,0.000000,-0.000000,-0.000000,0.000000,-0.000000,0.000000,0.101505,0.000000,-0.000000
2024-06-30,0.000000,-0.000000,-0.000000,0.000000,0.053282,-0.000000,0.002240,0.113279,-0.000000,-0.000000,0.000374,0.000000,0.113279,0.000000,0.000000,-0.000000,-0.000000,0.112902,0.111039,0.111352,-0.000000,0.000000,0.000000,-0.000000,0.001914,-0.000000,0.113279,-0.000000,-0.000000,-0.000000,0.113279,-0.000000,-0.000000,0.000000,0.113279,-0.000000,0.113279,0.000000,-0.000000,-0.000000,-0.000000,0.000000,-0.000000,-0.000000,0.000000,-0.000000,0.000000,0.060012,0.000000,-0.000000
2024-07-31,0.000000,-0.000000,-0.000000,0.000000,0.000197,-0.000000,0.050686,0.051966,0.001221,-0.000000,0.043232,0.000000,0.051966,0.000000,0.000000,-0.000000,-0.000000,0.008734,0.008734,0.044512,-0.000000,0.000000,0.000000,-0.000000,0.043233,-0.000000,0.051966,-0.000000,-0.000000,-0.000000,0.051966,-0.000000,-0.000000,0.000000,0.051966,-0.000000,0.051966,0.000000,-0.000000,-0.000000,-0.000000,0.000000,-0.000000,-0.000000,0.000000,-0.000000,0.000000,0.000050,0.007266,-0.000000
2024-08-31,0.000000,-0.000000,-0.000000,0.000000,0.000000,-0.000000,0.000026,0.068105,0.033213,-0.000000,0.068100,0.000000,0.068105,0.000000,0.000000,-0.000000,-0.000000,0.000136,0.000136,0.068101,-0.000000,0.000000,0.000000,-0.000000,0.067968,-0.000000,0.068105,-0.000000,-0.000000,-0.000000,0.068105,-0.000000,-0.000000,0.000000,0.068105,-0.000000,0.068105,0.000000,-0.000000,-0.000000,-0.000000,0.000000,-0.000000,-0.000000,0.000000,-0.000000,0.000000,0.000000,0.034737,-0.000000
2024-09-30,0.000000,-0.000000,-0.000000,0.000000,0.000000,-0.000000,0.000000,0.082550,0.054268,-0.000000,0.028315,0.000000,0.082550,0.000000,0.000000,-0.000000,-0.000000,0.000000,0.000000,0.082550,-0.000000,0.000000,0.000000,-0.000000,0.082550,-0.000000,0.082550,-0.000000,-0.000000,-0.000000,0.082550,-0.000000,-0.000000,0.000000,0.082550,-0.000000,0.082550,0.000000,-0.000000,-0.000000,-0.000000,0.000000,-0.000000,-0.000000,0.000000,-0.000000,0.000000,0.000000,0.082518,-0.000000
2024-10-31,0.000000,-0.000000,-0.000000,0.000000,0.000000,-0.000000,0.000000,0.095992,0.001889,-0.000000,0.065305,0.000000,0.095992,0.000000,0.000000,-0.000000,-0.000000,0.000000,0.000000,0.095992,-0.000000,0.000000,0.000000,-0.000000,0.028851,-0.000000,0.011293,-0.000000,-0.000000,-0.000000,0.095992,-0.000000,0.084698,0.000000,0.095992,-0.000000,0.095992,0.095938,-0.000000,-0.000000,-0.000000,0.000000,-0.000000,-0.000000,0.000000,-0.000000,0.000000,0.000000,0.095992,-0.000000
2024-11-30,0.000000,-0.000000,-0.000000,0.000000,0.000000,-0.000000,0.000000,0.087058,0.000001,-0.000000,0.000047,0.000000,0.087058,0.000000,0.000000,-0.000000,-0.000000,0.000000,0.000000,0.087058,-0.000000,0.000000,0.000000,-0.000000,0.000241,-0.000000,0.000008,-0.000000,-0.000000,-0.000000,0.087058,-0.000000,0.087050,0.000000,0.087058,-0.000000,0.087058,0.087058,-0.000000,-0.000000,-0.000000,0.000000,-0.000000,-0.000000,0.000000,-0.000000,0.000000,0.086769,0.087058,-0.000000
2024-12-31,0.000000,-0.000000,-0.000000,0.000000,0.000000,-0.000000,0.056785,0.060259,0.000000,-0.000000,0.000000,0.000000,0.000098,0.000000,0.000000,-0.000000,-0.000000,0.000000,0.000000,0.060259,-0.000000,0.000000,0.000000,-0.000000,0.000000,-0.000000,0.000000,-0.000000,-0.000000,-0.000000,0.060259,-0.000000,0.003474,0.000000,0.060259,-0.000000,0.060259,0.060259,-0.000000,-0.000000,-0.000000,0.000000,-0.000000,-0.000000,0.060161,-0.000000,0.000000,0.060259,0.060259,-0.000000
2025-01-31,0.000000,-0.000000,-0.000000,0.000000,0.000000,-0.000000,0.000234,0.049753,0.000000,-0.000000,0.000000,0.000000,0.000000,0.000000,0.000000,-0.000000,-0.000000,0.000000,0.000000,0.049753,-0.000000,0.000000,0.000000,-0.000000,0.025374,-0.000000,0.000000,-0.000000,-0.000000,-0.000000,0.024379,-0.000000,0.049519,0.000000,0.049753,-0.000000,0.049753,0.049753,-0.000000,-0.000000,-0.000000,0.000000,-0.000000,-0.000000,0.049753,-0.000000,0.000000,0.049753,0.049753,-0.000000
2025-02-28,0.000000,-0.000000,-0.000000,0.000000,0.000000,-0.000000,0.000000,0.056770,0.000000,-0.000000,0.056581,0.000000,0.000000,0.000000,0.000000,-0.000000,-0.000000,0.000000,0.000000,0.056770,-0.000000,0.000000,0.000000,-0.000000,0.056738,-0.000000,0.000000,-0.000000,-0.000000,-0.000000,0.000032,-0.000000,0.056770,0.000000,0.056770,-0.000000,0.004675,0.052283,-0.000000,-0.000000,-0.000000,0.000000,-0.000000,-0.000000,0.056770,-0.000000,0.000000,0.056770,0.056770,-0.000000
2025-03-31,-0.004790,0.009066,0.011573,-0.016087,-0.019059,-0.000000,-0.012555,0.009208,-0.012555,0.009066,0.000142,-0.006504,0.009066,-0.019059,0.000390,-0.000000,-0.018604,0.021939,-0.017735,0.009208,-0.016087,-0.017898,-0.019059,0.034652,0.000142,-0.000000,-0.019059,-0.018604,0.000390,-0.000000,0.002508,0.020615,0.009208,-0.019059,0.000142,-0.019059,0.009070,-0.003351,-0.019059,0.025796,0.009066,-0.013879,-0.016087,0.020615,0.004027,-0.019059,0.000000,0.000142,0.009208,-0.000163
2025-04-30,-0.000004,0.000381,0.000009,-0.022943,-0.022946,-0.011466,-0.022941,0.000007,-0.022941,0.011941,0.000000,-0.022920,0.000007,-0.022946,0.000000,0.047552,-0.022945,-0.022864,-0.022945,0.000007,-0.022943,-0.022945,-0.003587,-0.000341,0.000000,-0.000000,-0.003587,-0.020253,0.000000,-0.000000,0.001978,-0.020172,0.000007,-0.022946,0.000000,-0.022946,-0.019352,-0.022933,0.060458,-0.022440,0.047559,0.047526,-0.012700,-0.022865,0.000003,0.058597,0.000000,0.000000,0.000007,-0.022915
2025-05-31,-0.000060,0.046151,0.123532,-0.000073,-0.000073,-0.000066,-0.000073,0.123532,-0.000073,0.000221,0.000000,-0.000073,0.014170,-0.000073,0.111401,-0.000033,-0.000013,0.000162,0.000162,0.000000,-0.000073,-0.000073,-0.000002,-0.000000,0.123532,0.014170,-0.000062,-0.000071,0.063211,0.058282,0.063213,-0.000071,0.000000,-0.000013,0.123532,-0.000073,-0.000070,-0.000073,0.000209,-0.000072,-0.000033,-0.000033,-0.000067,0.000162,0.123532,-0.000027,0.123532,0.000000,0.123532,-0.000073
2025-06-30,-0.000000,0.000033,0.036392,-0.000000,-0.000000,-0.000000,-0.000000,0.109785,-0.000000,0.000000,0.000000,-0.000000,0.000010,-0.000000,0.109777,-0.000000,-0.000000,0.000000,0.000000,0.108266,-0.000000,-0.000000,-0.000000,-0.000000,0.109785,0.000010,-0.000000,-0.000000,0.001477,0.000041,0.102221,-0.000000,0.109530,-0.000000,0.109785,-0.000000,-0.000000,-0.000000,0.000000,-0.000000,-0.000000,-0.000000,-0.000000,0.000000,0.109785,-0.000000,0.081170,0.000000,0.109785,-0.000000
2025-07-31,-0.000000,0.000000,0.017949,-0.000000,-0.000000,-0.000000,-0.000000,0.153434,-0.000000,0.000000,0.135383,-0.000000,0.000000,-0.000000,0.153434,-0.000000,-0.000000,0.000000,0.000000,0.153433,-0.000000,-0.000000,-0.000000,-0.000000,0.107404,0.000000,-0.000000,-0.000000,0.000001,0.000000,0.153042,-0.000000,0.135892,-0.000000,0.153434,-0.000000,0.135383,0.153312,0.000000,-0.000000,-0.000000,-0.000000,-0.000000,0.000000,0.000122,-0.000000,0.003018,0.061048,0.018051,-0.000000
2025-08-31,-0.000000,0.000000,0.000188,-0.000000,-0.000000,-0.000000,-0.000000,0.081164,-0.000000,0.000000,0.080975,-0.000000,0.000000,-0.000000,0.081164,-0.000000,-0.000000,0.000000,0.000000,0.081164,-0.000000,-0.000000,-0.000000,-0.000000,0.001123,0.000000,-0.000000,-0.000000,0.000000,0.000000,0.006680,-0.000000,0.080980,-0.000000,0.081164,-0.000000,0.080975,0.081162,0.000000,-0.000000,-0.000000,-0.000000,-0.000000,0.000000,0.074481,-0.000000,0.000032,0.080197,0.000189,-0.000000
